matricula;sexo;dt_nascimento;cod_plano;cod_contrato;municipio;uf;dt_adesao;dt_cancelamento
BEN-000001;Masculino;21/09/1971;PL-PADRAO;CT-002;Belo Horizonte;MG;14/06/2026;
BEN-000002;Masculino;15/10/1972;PL-EMPRESA;CT-004;São Paulo;SP;13/09/2021;
BEN-000003;Feminino;22/08/1948;PL-PADRAO;CT-006;São Paulo;SP;03/12/2020;
BEN-000004;Masculino;11/12/1985;PL-PADRAO;CT-002;Campinas;SP;17/10/2019;
BEN-000005;Masculino;15/06/1958;PL-SUPERIOR;CT-007;São Paulo;SP;16/06/2026;
BEN-000006;Masculino;26/09/1983;PL-PADRAO;CT-010;Belo Horizonte;MG;15/01/2019;
BEN-000007;Feminino;17/09/2025;PL-ESSENCIAL;CT-001;Campinas;SP;16/05/2024;
BEN-000008;Feminino;20/12/2009;PL-SUPERIOR;CT-007;São Paulo;SP;10/05/2022;
BEN-000009;Masculino;23/08/2002;PL-ESSENCIAL;CT-009;São Paulo;SP;21/06/2021;
BEN-000010;Masculino;14/07/2002;PL-EMPRESA;CT-004;São Paulo;SP;20/07/2024;
BEN-000011;Feminino;07/06/1973;PL-ESSENCIAL;CT-005;Campinas;SP;07/05/2019;
BEN-000012;Feminino;11/05/2025;PL-EMPRESA;CT-008;Belo Horizonte;MG;22/02/2019;
BEN-000013;Masculino;03/08/1952;PL-ESSENCIAL;CT-005;Belo Horizonte;MG;27/09/2022;
BEN-000014;Feminino;15/03/1995;PL-ESSENCIAL;CT-001;São Paulo;SP;17/10/2018;
BEN-000015;Feminino;20/02/1997;PL-ESSENCIAL;CT-001;Belo Horizonte;MG;05/12/2025;23/04/2026
BEN-000016;Feminino;08/09/1996;PL-EMPRESA;CT-008;Campinas;SP;10/05/2026;
BEN-000017;Masculino;10/10/1957;PL-ESSENCIAL;CT-009;São Paulo;SP;02/02/2019;
BEN-000018;Feminino;04/01/2001;PL-SUPERIOR;CT-007;Belo Horizonte;MG;11/01/2021;
BEN-000019;Feminino;10/11/1966;PL-EMPRESA;CT-008;São Paulo;SP;09/09/2019;
BEN-000020;Feminino;19/03/1984;PL-ESSENCIAL;CT-009;São Paulo;SP;11/10/2019;
BEN-000021;Feminino;06/11/1992;PL-ESSENCIAL;CT-001;Campinas;SP;15/02/2025;
BEN-000022;Feminino;23/08/1989;PL-ESSENCIAL;CT-001;São Paulo;SP;15/02/2019;
BEN-000023;Feminino;09/07/1968;PL-SUPERIOR;CT-007;Campinas;SP;10/01/2026;
BEN-000024;Masculino;15/05/1957;PL-EMPRESA;CT-008;Belo Horizonte;MG;11/09/2021;
BEN-000025;Feminino;26/09/2008;PL-ESSENCIAL;CT-009;Belo Horizonte;MG;09/07/2022;
BEN-000026;Masculino;21/08/1990;PL-PADRAO;CT-006;São Paulo;SP;16/11/2022;
BEN-000027;Feminino;19/11/1977;PL-ESSENCIAL;CT-009;São Paulo;SP;11/10/2021;
BEN-000028;Feminino;10/10/2002;PL-PADRAO;CT-010;São Paulo;SP;14/10/2023;
BEN-000029;Masculino;02/11/1976;PL-PADRAO;CT-006;Campinas;SP;24/09/2023;
BEN-000030;Feminino;27/10/1991;PL-PADRAO;CT-002;São Paulo;SP;30/12/2021;
BEN-000031;Masculino;14/05/2022;PL-ESSENCIAL;CT-001;São Paulo;SP;12/06/2021;
BEN-000032;Masculino;25/06/1966;PL-EMPRESA;CT-008;Campinas;SP;30/06/2024;
BEN-000033;Masculino;22/07/2007;PL-PADRAO;CT-002;Campinas;SP;13/09/2025;
BEN-000034;Feminino;24/01/2003;PL-SUPERIOR;CT-007;Belo Horizonte;MG;20/03/2021;
BEN-000035;Feminino;01/10/1993;PL-ESSENCIAL;CT-009;Belo Horizonte;MG;17/04/2024;
BEN-000036;Masculino;20/03/1969;PL-PADRAO;CT-002;São Paulo;SP;13/12/2020;
BEN-000037;Feminino;14/06/1963;PL-SUPERIOR;CT-007;São Paulo;SP;17/06/2022;
BEN-000038;Feminino;01/09/1983;PL-ESSENCIAL;CT-009;Campinas;SP;23/01/2022;
BEN-000039;Feminino;14/08/1972;PL-ESSENCIAL;CT-005;Belo Horizonte;MG;07/04/2018;
BEN-000040;Masculino;02/09/1985;PL-ESSENCIAL;CT-009;Belo Horizonte;MG;01/02/2019;
BEN-000041;Masculino;08/11/1953;PL-EMPRESA;CT-008;São Paulo;SP;21/03/2019;
BEN-000042;Masculino;12/12/1975;PL-EMPRESA;CT-004;Campinas;SP;01/09/2022;
BEN-000043;Feminino;26/08/2003;PL-PADRAO;CT-010;São Paulo;SP;26/04/2020;
BEN-000044;Masculino;27/06/2006;PL-ESSENCIAL;CT-009;Campinas;SP;27/12/2022;
BEN-000045;Masculino;24/12/2002;PL-PADRAO;CT-002;Belo Horizonte;MG;27/06/2022;
BEN-000046;Feminino;02/10/1992;PL-SUPERIOR;CT-007;São Paulo;SP;21/05/2026;
BEN-000047;Masculino;18/06/1961;PL-ESSENCIAL;CT-005;São Paulo;SP;17/10/2022;
BEN-000048;Masculino;18/05/1972;PL-ESSENCIAL;CT-005;São Paulo;SP;21/07/2025;14/04/2026
BEN-000049;Feminino;06/09/1972;PL-ESSENCIAL;CT-009;São Paulo;SP;20/04/2023;
BEN-000050;Feminino;22/09/2025;PL-ESSENCIAL;CT-001;Belo Horizonte;MG;12/07/2021;
BEN-000051;Masculino;11/02/1999;PL-EMPRESA;CT-008;São Paulo;SP;07/02/2024;
BEN-000052;Masculino;04/11/1996;PL-PADRAO;CT-006;São Paulo;SP;10/09/2018;
BEN-000053;Feminino;12/10/1996;PL-PADRAO;CT-002;São Paulo;SP;10/04/2026;
BEN-000054;Feminino;11/03/2007;PL-SUPERIOR;CT-007;Campinas;SP;23/05/2019;
BEN-000055;Masculino;12/12/1981;PL-PADRAO;CT-006;São Paulo;SP;22/08/2020;
BEN-000056;Masculino;19/12/1967;PL-SUPERIOR;CT-003;São Paulo;SP;08/08/2023;
BEN-000057;Masculino;08/05/1990;PL-PADRAO;CT-006;Belo Horizonte;MG;17/07/2023;
BEN-000058;Masculino;13/11/1964;PL-SUPERIOR;CT-007;São Paulo;SP;30/04/2020;
BEN-000059;Feminino;25/11/1957;PL-ESSENCIAL;CT-009;Campinas;SP;20/03/2021;24/01/2026
BEN-000060;Masculino;09/01/2008;PL-ESSENCIAL;CT-009;Campinas;SP;06/06/2018;
BEN-000061;Masculino;11/08/1970;PL-ESSENCIAL;CT-001;São Paulo;SP;27/07/2023;
BEN-000062;Feminino;01/06/2017;PL-EMPRESA;CT-004;Belo Horizonte;MG;11/10/2020;18/07/2025
BEN-000063;Masculino;15/04/1977;PL-EMPRESA;CT-004;Campinas;SP;14/06/2021;
BEN-000064;Feminino;17/12/1989;PL-PADRAO;CT-010;Campinas;SP;19/11/2021;
BEN-000065;Masculino;16/04/1975;PL-PADRAO;CT-006;São Paulo;SP;18/07/2019;
BEN-000066;Masculino;02/05/1959;PL-EMPRESA;CT-008;São Paulo;SP;25/10/2020;
BEN-000067;Masculino;13/12/1983;PL-ESSENCIAL;CT-005;São Paulo;SP;25/04/2020;
BEN-000068;Masculino;20/08/1973;PL-PADRAO;CT-002;Belo Horizonte;MG;16/11/2025;
BEN-000069;Feminino;28/09/1992;PL-SUPERIOR;CT-003;Belo Horizonte;MG;17/05/2026;
BEN-000070;Feminino;07/10/1982;PL-ESSENCIAL;CT-001;São Paulo;SP;24/03/2019;
BEN-000071;Masculino;25/05/2021;PL-EMPRESA;CT-008;São Paulo;SP;08/04/2021;
BEN-000072;Feminino;20/09/1990;PL-ESSENCIAL;CT-009;São Paulo;SP;16/03/2023;
BEN-000073;Masculino;02/10/1978;PL-ESSENCIAL;CT-001;São Paulo;SP;30/11/2022;
BEN-000074;Masculino;15/03/2020;PL-SUPERIOR;CT-003;São Paulo;SP;03/11/2022;
BEN-000075;Masculino;01/09/2001;PL-ESSENCIAL;CT-005;São Paulo;SP;01/11/2018;
BEN-000076;Masculino;11/03/2005;PL-SUPERIOR;CT-003;Campinas;SP;02/11/2024;19/12/2025
BEN-000077;Masculino;07/09/1990;PL-PADRAO;CT-002;São Paulo;SP;03/01/2023;
BEN-000078;Feminino;12/04/1984;PL-SUPERIOR;CT-003;Campinas;SP;15/02/2026;
BEN-000079;Feminino;18/08/1961;PL-PADRAO;CT-010;São Paulo;SP;07/07/2025;
BEN-000080;Feminino;23/06/1993;PL-PADRAO;CT-010;Campinas;SP;22/08/2022;
BEN-000081;Masculino;01/07/1948;PL-ESSENCIAL;CT-009;Belo Horizonte;MG;28/11/2021;
BEN-000082;Feminino;01/07/2017;PL-EMPRESA;CT-008;Campinas;SP;16/12/2025;
BEN-000083;Masculino;15/06/1981;PL-SUPERIOR;CT-007;Campinas;SP;22/08/2018;
BEN-000084;Feminino;03/11/2011;PL-EMPRESA;CT-008;São Paulo;SP;11/01/2019;
BEN-000085;Masculino;19/02/1981;PL-ESSENCIAL;CT-001;São Paulo;SP;13/04/2025;
BEN-000086;Feminino;16/10/2002;PL-ESSENCIAL;CT-009;São Paulo;SP;01/05/2025;
BEN-000087;Masculino;02/01/1969;PL-PADRAO;CT-002;Belo Horizonte;MG;02/03/2021;
BEN-000088;Masculino;08/08/1955;PL-PADRAO;CT-006;Campinas;SP;15/03/2022;
BEN-000089;Masculino;06/10/2007;PL-EMPRESA;CT-008;São Paulo;SP;01/08/2019;
BEN-000090;Feminino;01/09/1977;PL-EMPRESA;CT-008;Belo Horizonte;MG;16/07/2024;
BEN-000091;Feminino;09/06/1998;PL-SUPERIOR;CT-007;Belo Horizonte;MG;16/12/2020;
BEN-000092;Masculino;04/09/1951;PL-PADRAO;CT-010;São Paulo;SP;26/01/2024;
BEN-000093;Masculino;26/02/1995;PL-SUPERIOR;CT-007;São Paulo;SP;19/09/2022;17/06/2025
BEN-000094;Feminino;03/06/1982;PL-ESSENCIAL;CT-005;São Paulo;SP;21/07/2025;
BEN-000095;Feminino;12/01/1968;PL-EMPRESA;CT-008;Belo Horizonte;MG;14/07/2024;
BEN-000096;Feminino;21/11/2002;PL-EMPRESA;CT-008;São Paulo;SP;09/03/2024;
BEN-000097;Feminino;09/08/1994;PL-PADRAO;CT-002;Belo Horizonte;MG;16/01/2023;
BEN-000098;Feminino;27/08/1961;PL-ESSENCIAL;CT-001;Campinas;SP;07/07/2020;
BEN-000099;Feminino;03/09/1968;PL-EMPRESA;CT-008;Campinas;SP;07/04/2022;
BEN-000100;Masculino;25/09/1984;PL-PADRAO;CT-006;São Paulo;SP;15/06/2025;
BEN-000101;Feminino;28/10/1959;PL-ESSENCIAL;CT-009;Belo Horizonte;MG;09/08/2019;
BEN-000102;Masculino;26/11/1973;PL-PADRAO;CT-006;São Paulo;SP;14/05/2023;03/01/2026
BEN-000103;Feminino;17/06/2007;PL-PADRAO;CT-006;São Paulo;SP;07/09/2024;
BEN-000104;Feminino;13/02/2008;PL-EMPRESA;CT-004;Belo Horizonte;MG;17/06/2018;
BEN-000105;Feminino;11/01/1996;PL-SUPERIOR;CT-003;Campinas;SP;15/03/2022;
BEN-000106;Masculino;17/10/1966;PL-EMPRESA;CT-008;São Paulo;SP;03/01/2019;
BEN-000107;Feminino;10/10/1984;PL-SUPERIOR;CT-003;São Paulo;SP;11/12/2019;
BEN-000108;Masculino;27/04/1989;PL-PADRAO;CT-006;São Paulo;SP;08/08/2020;
BEN-000109;Feminino;09/05/1984;PL-EMPRESA;CT-008;Campinas;SP;06/08/2021;
BEN-000110;Masculino;20/02/2018;PL-ESSENCIAL;CT-009;São Paulo;SP;14/08/2021;
BEN-000111;Masculino;06/06/1983;PL-PADRAO;CT-002;São Paulo;SP;28/02/2021;
BEN-000112;Masculino;20/04/1959;PL-ESSENCIAL;CT-009;São Paulo;SP;06/09/2020;
BEN-000113;Masculino;17/03/1974;PL-ESSENCIAL;CT-005;São Paulo;SP;24/09/2022;
BEN-000114;Masculino;19/11/2003;PL-SUPERIOR;CT-003;São Paulo;SP;08/05/2019;
BEN-000115;Masculino;11/09/1990;PL-ESSENCIAL;CT-009;São Paulo;SP;04/12/2018;
BEN-000116;Feminino;27/11/2021;PL-PADRAO;CT-010;Campinas;SP;27/12/2020;
BEN-000117;Masculino;20/07/1964;PL-PADRAO;CT-006;Belo Horizonte;MG;26/08/2018;
BEN-000118;Masculino;28/12/1986;PL-ESSENCIAL;CT-001;São Paulo;SP;03/06/2019;
BEN-000119;Masculino;07/09/1976;PL-PADRAO;CT-006;São Paulo;SP;14/10/2023;
BEN-000120;Masculino;15/02/1988;PL-PADRAO;CT-010;São Paulo;SP;26/10/2023;
BEN-000121;Feminino;25/02/1988;PL-PADRAO;CT-006;Campinas;SP;12/04/2020;
BEN-000122;Masculino;28/04/1986;PL-ESSENCIAL;CT-009;Belo Horizonte;MG;22/11/2022;
BEN-000123;Masculino;18/02/1986;PL-SUPERIOR;CT-007;Belo Horizonte;MG;09/09/2024;
BEN-000124;Masculino;15/02/1967;PL-EMPRESA;CT-008;São Paulo;SP;26/10/2023;
BEN-000125;Feminino;23/05/1976;PL-ESSENCIAL;CT-009;Campinas;SP;30/12/2020;
BEN-000126;Feminino;20/03/1963;PL-PADRAO;CT-010;Belo Horizonte;MG;18/01/2020;
BEN-000127;Masculino;21/07/2008;PL-PADRAO;CT-002;Campinas;SP;05/05/2021;
BEN-000128;Masculino;24/04/1964;PL-PADRAO;CT-010;Campinas;SP;31/01/2022;17/09/2025
BEN-000129;Masculino;07/05/1995;PL-PADRAO;CT-010;São Paulo;SP;14/02/2019;
BEN-000130;Feminino;04/05/1957;PL-PADRAO;CT-010;São Paulo;SP;11/11/2025;
BEN-000131;Masculino;20/07/1998;PL-EMPRESA;CT-008;Campinas;SP;28/09/2020;
BEN-000132;Masculino;15/11/2004;PL-PADRAO;CT-010;São Paulo;SP;04/10/2024;
BEN-000133;Masculino;01/08/1991;PL-PADRAO;CT-006;São Paulo;SP;30/08/2024;
BEN-000134;Masculino;18/09/2021;PL-ESSENCIAL;CT-001;São Paulo;SP;27/12/2021;
BEN-000135;Feminino;08/02/1974;PL-SUPERIOR;CT-003;São Paulo;SP;14/11/2018;
BEN-000136;Feminino;05/05/1987;PL-PADRAO;CT-002;Belo Horizonte;MG;04/03/2024;
BEN-000137;Masculino;13/12/1949;PL-ESSENCIAL;CT-001;São Paulo;SP;01/06/2026;
BEN-000138;Masculino;12/07/1988;PL-ESSENCIAL;CT-009;Campinas;SP;16/10/2022;
BEN-000139;Masculino;06/09/1993;PL-PADRAO;CT-010;São Paulo;SP;02/11/2019;
BEN-000140;Masculino;15/08/1974;PL-SUPERIOR;CT-003;Belo Horizonte;MG;11/11/2023;
BEN-000141;Masculino;17/08/1970;PL-PADRAO;CT-010;São Paulo;SP;12/08/2021;07/04/2025
BEN-000142;Feminino;03/07/1942;PL-PADRAO;CT-006;São Paulo;SP;22/10/2024;
BEN-000143;Masculino;09/06/1990;PL-PADRAO;CT-002;São Paulo;SP;29/10/2018;15/08/2025
BEN-000144;Masculino;06/03/1974;PL-SUPERIOR;CT-003;São Paulo;SP;31/07/2023;
BEN-000145;Masculino;12/03/1995;PL-EMPRESA;CT-008;São Paulo;SP;28/05/2023;
BEN-000146;Feminino;02/09/1978;PL-ESSENCIAL;CT-009;São Paulo;SP;16/09/2025;
BEN-000147;Masculino;13/08/1978;PL-PADRAO;CT-002;São Paulo;SP;10/04/2020;10/11/2025
BEN-000148;Feminino;23/03/1993;PL-ESSENCIAL;CT-001;Belo Horizonte;MG;17/01/2020;
BEN-000149;Masculino;01/01/2013;PL-PADRAO;CT-006;São Paulo;SP;08/05/2021;
BEN-000150;Masculino;27/09/2024;PL-SUPERIOR;CT-007;Campinas;SP;20/06/2022;22/04/2026
BEN-000151;Masculino;11/11/1990;PL-PADRAO;CT-006;São Paulo;SP;21/06/2026;
BEN-000152;Feminino;28/09/1994;PL-PADRAO;CT-002;Campinas;SP;14/01/2025;
BEN-000153;Masculino;28/03/1991;PL-EMPRESA;CT-008;São Paulo;SP;06/12/2020;
BEN-000154;Feminino;08/02/1992;PL-SUPERIOR;CT-007;São Paulo;SP;12/07/2022;
BEN-000155;Masculino;16/09/1965;PL-PADRAO;CT-006;São Paulo;SP;07/05/2025;
BEN-000156;Feminino;10/03/1966;PL-SUPERIOR;CT-007;São Paulo;SP;07/09/2018;
BEN-000157;Masculino;20/04/2017;PL-ESSENCIAL;CT-009;Campinas;SP;07/06/2019;
BEN-000158;Feminino;08/12/1965;PL-PADRAO;CT-006;Campinas;SP;06/09/2025;
BEN-000159;Feminino;27/08/1963;PL-EMPRESA;CT-008;São Paulo;SP;01/09/2021;
BEN-000160;Masculino;27/05/1999;PL-EMPRESA;CT-008;São Paulo;SP;29/07/2020;
BEN-000161;Masculino;23/02/1988;PL-ESSENCIAL;CT-005;São Paulo;SP;21/06/2023;
BEN-000162;Feminino;11/10/2007;PL-EMPRESA;CT-004;São Paulo;SP;08/10/2024;
BEN-000163;Feminino;09/08/2001;PL-EMPRESA;CT-008;Belo Horizonte;MG;02/02/2024;
BEN-000164;Masculino;26/05/1994;PL-ESSENCIAL;CT-005;São Paulo;SP;18/11/2023;
BEN-000165;Feminino;18/12/1987;PL-ESSENCIAL;CT-001;São Paulo;SP;21/02/2025;
BEN-000166;Feminino;01/01/2017;PL-EMPRESA;CT-008;São Paulo;SP;16/09/2023;
BEN-000167;Masculino;16/03/1977;PL-EMPRESA;CT-004;Belo Horizonte;MG;04/11/2019;10/02/2025
BEN-000168;Masculino;23/08/1955;PL-ESSENCIAL;CT-009;Campinas;SP;16/03/2020;
BEN-000169;Feminino;13/05/1963;PL-EMPRESA;CT-004;São Paulo;SP;03/11/2022;08/05/2026
BEN-000170;Masculino;28/01/2020;PL-ESSENCIAL;CT-005;São Paulo;SP;04/11/2024;
BEN-000171;Feminino;14/02/1981;PL-EMPRESA;CT-008;São Paulo;SP;19/06/2025;
BEN-000172;Masculino;05/02/1968;PL-SUPERIOR;CT-007;São Paulo;SP;15/11/2023;
BEN-000173;Feminino;20/08/2025;PL-SUPERIOR;CT-003;Campinas;SP;21/08/2022;
BEN-000174;Feminino;07/12/1981;PL-EMPRESA;CT-004;São Paulo;SP;19/06/2019;
BEN-000175;Masculino;28/09/1997;PL-PADRAO;CT-002;São Paulo;SP;04/04/2018;
BEN-000176;Masculino;01/08/1988;PL-SUPERIOR;CT-007;São Paulo;SP;03/01/2022;
BEN-000177;Masculino;27/04/1970;PL-PADRAO;CT-006;São Paulo;SP;10/02/2019;
BEN-000178;Masculino;15/10/1981;PL-EMPRESA;CT-004;São Paulo;SP;17/05/2023;
BEN-000179;Feminino;23/11/1956;PL-SUPERIOR;CT-003;São Paulo;SP;12/05/2020;
BEN-000180;Feminino;26/09/2012;PL-SUPERIOR;CT-003;Campinas;SP;01/06/2025;
BEN-000181;Masculino;05/11/1992;PL-ESSENCIAL;CT-001;Campinas;SP;03/02/2023;
BEN-000182;Masculino;01/12/2003;PL-PADRAO;CT-010;Campinas;SP;20/08/2020;18/04/2025
BEN-000183;Feminino;15/02/1978;PL-ESSENCIAL;CT-009;São Paulo;SP;01/05/2022;
BEN-000184;Feminino;28/06/1987;PL-SUPERIOR;CT-003;São Paulo;SP;08/01/2020;
BEN-000185;Masculino;15/03/1966;PL-SUPERIOR;CT-007;Campinas;SP;05/06/2023;
BEN-000186;Masculino;04/11/1989;PL-SUPERIOR;CT-003;São Paulo;SP;17/01/2021;
BEN-000187;Masculino;18/04/1976;PL-SUPERIOR;CT-007;Belo Horizonte;MG;08/07/2020;
BEN-000188;Masculino;09/04/1985;PL-EMPRESA;CT-004;São Paulo;SP;27/06/2020;
BEN-000189;Masculino;12/12/1975;PL-PADRAO;CT-002;São Paulo;SP;30/04/2024;
BEN-000190;Masculino;24/02/1985;PL-EMPRESA;CT-008;São Paulo;SP;10/01/2023;
BEN-000191;Feminino;14/02/1984;PL-PADRAO;CT-006;Campinas;SP;07/09/2018;
BEN-000192;Feminino;11/02/1961;PL-ESSENCIAL;CT-005;São Paulo;SP;14/06/2024;
BEN-000193;Feminino;04/03/1977;PL-PADRAO;CT-006;Belo Horizonte;MG;08/08/2023;
BEN-000194;Feminino;21/10/1974;PL-ESSENCIAL;CT-005;Belo Horizonte;MG;21/07/2022;
BEN-000195;Feminino;17/04/1981;PL-SUPERIOR;CT-007;Campinas;SP;17/05/2022;
BEN-000196;Masculino;04/12/1995;PL-SUPERIOR;CT-003;São Paulo;SP;13/05/2026;
BEN-000197;Masculino;01/12/1993;PL-PADRAO;CT-006;São Paulo;SP;29/07/2020;
BEN-000198;Feminino;22/05/1987;PL-SUPERIOR;CT-003;São Paulo;SP;04/02/2020;
BEN-000199;Masculino;16/11/1995;PL-ESSENCIAL;CT-005;São Paulo;SP;23/05/2020;
BEN-000200;Masculino;15/12/1996;PL-PADRAO;CT-002;São Paulo;SP;06/05/2024;
BEN-000201;Feminino;15/06/1963;PL-ESSENCIAL;CT-001;Campinas;SP;18/02/2020;
BEN-000202;Masculino;07/04/1984;PL-ESSENCIAL;CT-009;São Paulo;SP;05/03/2018;
BEN-000203;Feminino;13/10/1990;PL-ESSENCIAL;CT-005;São Paulo;SP;21/03/2018;
BEN-000204;Feminino;15/04/1987;PL-SUPERIOR;CT-003;São Paulo;SP;08/03/2022;
BEN-000205;Masculino;01/11/1979;PL-EMPRESA;CT-008;São Paulo;SP;22/08/2020;
BEN-000206;Masculino;10/12/2004;PL-ESSENCIAL;CT-009;São Paulo;SP;17/12/2022;19/08/2025
BEN-000207;Masculino;21/10/1982;PL-ESSENCIAL;CT-009;Belo Horizonte;MG;13/03/2021;
BEN-000208;Masculino;04/02/1977;PL-ESSENCIAL;CT-001;São Paulo;SP;18/03/2018;
BEN-000209;Masculino;26/09/1990;PL-SUPERIOR;CT-003;São Paulo;SP;23/05/2019;21/03/2025
BEN-000210;Feminino;05/10/1992;PL-PADRAO;CT-010;Campinas;SP;03/05/2019;
BEN-000211;Masculino;09/03/1997;PL-ESSENCIAL;CT-005;São Paulo;SP;31/12/2019;
BEN-000212;Masculino;07/05/2017;PL-SUPERIOR;CT-003;Campinas;SP;08/08/2019;
BEN-000213;Masculino;23/02/1994;PL-PADRAO;CT-006;Belo Horizonte;MG;02/09/2021;
BEN-000214;Feminino;05/08/1992;PL-PADRAO;CT-006;Belo Horizonte;MG;15/04/2018;
BEN-000215;Feminino;14/12/1986;PL-SUPERIOR;CT-007;Campinas;SP;06/06/2025;
BEN-000216;Masculino;17/04/1980;PL-EMPRESA;CT-004;Belo Horizonte;MG;01/08/2018;
BEN-000217;Feminino;05/11/1964;PL-PADRAO;CT-010;São Paulo;SP;17/04/2024;
BEN-000218;Masculino;13/06/1972;PL-PADRAO;CT-006;São Paulo;SP;28/08/2019;
BEN-000219;Masculino;28/07/1984;PL-ESSENCIAL;CT-001;Campinas;SP;11/09/2025;
BEN-000220;Masculino;20/06/1971;PL-ESSENCIAL;CT-005;São Paulo;SP;02/07/2018;
BEN-000221;Masculino;24/06/1975;PL-ESSENCIAL;CT-001;São Paulo;SP;28/01/2019;
BEN-000222;Masculino;04/09/2007;PL-ESSENCIAL;CT-001;São Paulo;SP;15/03/2024;
BEN-000223;Feminino;01/11/2001;PL-ESSENCIAL;CT-009;Campinas;SP;19/09/2019;
BEN-000224;Masculino;11/10/1981;PL-PADRAO;CT-010;São Paulo;SP;03/01/2025;23/11/2025
BEN-000225;Feminino;12/02/1972;PL-PADRAO;CT-002;Belo Horizonte;MG;08/12/2025;
BEN-000226;Feminino;02/02/1994;PL-SUPERIOR;CT-003;São Paulo;SP;26/06/2024;
BEN-000227;Masculino;21/09/1953;PL-ESSENCIAL;CT-009;Campinas;SP;10/02/2025;
BEN-000228;Masculino;03/04/1999;PL-ESSENCIAL;CT-005;São Paulo;SP;04/05/2022;
BEN-000229;Masculino;11/10/2007;PL-PADRAO;CT-002;São Paulo;SP;08/09/2021;
BEN-000230;Masculino;09/05/2013;PL-ESSENCIAL;CT-009;São Paulo;SP;20/04/2019;12/01/2026
BEN-000231;Masculino;24/07/2005;PL-SUPERIOR;CT-003;Belo Horizonte;MG;13/11/2021;
BEN-000232;Feminino;17/02/1990;PL-SUPERIOR;CT-007;Campinas;SP;23/01/2021;
BEN-000233;Feminino;14/01/2011;PL-PADRAO;CT-010;Campinas;SP;05/08/2020;
BEN-000234;Feminino;10/11/1963;PL-EMPRESA;CT-004;São Paulo;SP;03/01/2024;
BEN-000235;Masculino;15/08/1995;PL-EMPRESA;CT-008;São Paulo;SP;11/09/2018;
BEN-000236;Feminino;19/11/2008;PL-PADRAO;CT-002;Campinas;SP;16/11/2021;03/02/2026
BEN-000237;Masculino;27/01/2004;PL-SUPERIOR;CT-007;Campinas;SP;15/05/2022;
BEN-000238;Feminino;27/04/2010;PL-PADRAO;CT-010;Campinas;SP;30/10/2021;
BEN-000239;Masculino;13/06/2018;PL-EMPRESA;CT-008;Campinas;SP;09/05/2025;
BEN-000240;Masculino;03/05/1990;PL-SUPERIOR;CT-003;Belo Horizonte;MG;06/01/2025;
BEN-000241;Masculino;27/06/1997;PL-ESSENCIAL;CT-009;São Paulo;SP;20/10/2020;
BEN-000242;Masculino;26/10/1990;PL-EMPRESA;CT-008;Campinas;SP;03/09/2020;
BEN-000243;Masculino;13/10/2012;PL-PADRAO;CT-002;São Paulo;SP;19/01/2021;
BEN-000244;Feminino;14/07/1989;PL-ESSENCIAL;CT-001;Campinas;SP;26/08/2021;
BEN-000245;Feminino;23/11/1961;PL-SUPERIOR;CT-007;São Paulo;SP;20/05/2019;
BEN-000246;Masculino;13/02/2004;PL-SUPERIOR;CT-003;São Paulo;SP;08/02/2019;
BEN-000247;Feminino;14/04/2010;PL-ESSENCIAL;CT-005;São Paulo;SP;10/10/2024;15/03/2025
BEN-000248;Masculino;20/03/1981;PL-ESSENCIAL;CT-001;São Paulo;SP;06/02/2021;02/05/2026
BEN-000249;Masculino;23/06/1979;PL-ESSENCIAL;CT-005;São Paulo;SP;04/08/2024;
BEN-000250;Masculino;19/10/2007;PL-SUPERIOR;CT-003;Belo Horizonte;MG;20/12/2018;
BEN-000251;Feminino;11/05/1969;PL-PADRAO;CT-002;Belo Horizonte;MG;04/05/2021;
BEN-000252;Masculino;19/06/1976;PL-EMPRESA;CT-004;São Paulo;SP;20/10/2022;
BEN-000253;Feminino;16/05/1983;PL-PADRAO;CT-002;São Paulo;SP;16/05/2023;
BEN-000254;Feminino;12/05/2021;PL-SUPERIOR;CT-003;Belo Horizonte;MG;16/06/2026;
BEN-000255;Masculino;28/05/1978;PL-ESSENCIAL;CT-001;São Paulo;SP;07/07/2018;
BEN-000256;Feminino;17/03/1969;PL-SUPERIOR;CT-003;São Paulo;SP;04/07/2025;
BEN-000257;Masculino;25/09/1979;PL-EMPRESA;CT-004;Belo Horizonte;MG;02/09/2021;
BEN-000258;Feminino;10/08/1964;PL-ESSENCIAL;CT-005;São Paulo;SP;26/11/2018;
BEN-000259;Masculino;12/03/1975;PL-SUPERIOR;CT-003;São Paulo;SP;31/07/2021;
BEN-000260;Masculino;03/06/2005;PL-PADRAO;CT-002;Belo Horizonte;MG;28/07/2020;
BEN-000261;Masculino;20/12/2005;PL-ESSENCIAL;CT-001;São Paulo;SP;18/05/2024;
BEN-000262;Feminino;18/03/1992;PL-SUPERIOR;CT-007;São Paulo;SP;08/02/2020;03/12/2025
BEN-000263;Masculino;02/11/1938;PL-EMPRESA;CT-008;São Paulo;SP;04/04/2021;
BEN-000264;Feminino;25/08/1971;PL-SUPERIOR;CT-003;Campinas;SP;03/12/2021;
BEN-000265;Feminino;13/03/1957;PL-PADRAO;CT-006;São Paulo;SP;05/02/2019;
BEN-000266;Feminino;08/04/1978;PL-ESSENCIAL;CT-009;Belo Horizonte;MG;07/02/2021;
BEN-000267;Masculino;05/10/1991;PL-SUPERIOR;CT-003;Belo Horizonte;MG;22/04/2022;
BEN-000268;Masculino;27/09/1996;PL-EMPRESA;CT-004;Belo Horizonte;MG;27/11/2021;
BEN-000269;Feminino;11/10/1945;PL-PADRAO;CT-006;Campinas;SP;23/01/2023;
BEN-000270;Masculino;02/08/1964;PL-EMPRESA;CT-004;Campinas;SP;14/10/2022;
BEN-000271;Masculino;12/08/1981;PL-SUPERIOR;CT-003;Belo Horizonte;MG;03/11/2024;
BEN-000272;Masculino;11/01/1961;PL-PADRAO;CT-002;Belo Horizonte;MG;14/09/2018;
BEN-000273;Feminino;19/04/1996;PL-ESSENCIAL;CT-009;Belo Horizonte;MG;28/01/2021;
BEN-000274;Masculino;02/08/1982;PL-EMPRESA;CT-008;São Paulo;SP;16/07/2018;06/01/2026
BEN-000275;Feminino;27/05/1997;PL-ESSENCIAL;CT-005;São Paulo;SP;20/05/2022;
BEN-000276;Masculino;07/05/1985;PL-PADRAO;CT-002;São Paulo;SP;10/10/2023;
BEN-000277;Feminino;06/03/1963;PL-PADRAO;CT-006;Belo Horizonte;MG;27/04/2021;
BEN-000278;Feminino;21/07/1972;PL-PADRAO;CT-006;São Paulo;SP;24/11/2020;
BEN-000279;Feminino;22/09/1984;PL-PADRAO;CT-002;Campinas;SP;10/01/2021;
BEN-000280;Feminino;08/09/1989;PL-SUPERIOR;CT-003;Campinas;SP;29/11/2019;
BEN-000281;Masculino;16/06/1986;PL-ESSENCIAL;CT-001;Belo Horizonte;MG;04/02/2025;
BEN-000282;Masculino;13/08/1980;PL-ESSENCIAL;CT-005;Belo Horizonte;MG;17/03/2026;
BEN-000283;Feminino;15/02/2016;PL-EMPRESA;CT-008;Campinas;SP;20/10/2022;
BEN-000284;Feminino;13/04/1988;PL-PADRAO;CT-006;Belo Horizonte;MG;03/09/2020;22/02/2026
BEN-000285;Feminino;15/12/1972;PL-ESSENCIAL;CT-005;São Paulo;SP;16/04/2026;
BEN-000286;Masculino;07/11/1994;PL-EMPRESA;CT-008;São Paulo;SP;23/04/2022;
BEN-000287;Feminino;09/05/1992;PL-SUPERIOR;CT-007;São Paulo;SP;17/04/2025;
BEN-000288;Feminino;04/04/1999;PL-EMPRESA;CT-008;Campinas;SP;10/11/2025;
BEN-000289;Feminino;22/07/1996;PL-ESSENCIAL;CT-009;São Paulo;SP;12/09/2021;
BEN-000290;Feminino;24/11/1979;PL-PADRAO;CT-002;São Paulo;SP;16/07/2019;
BEN-000291;Masculino;06/11/1953;PL-PADRAO;CT-006;São Paulo;SP;10/02/2020;
BEN-000292;Feminino;25/05/2018;PL-EMPRESA;CT-008;São Paulo;SP;20/06/2024;05/03/2025
BEN-000293;Masculino;06/07/1994;PL-EMPRESA;CT-008;Campinas;SP;30/11/2019;
BEN-000294;Feminino;20/07/1997;PL-EMPRESA;CT-008;São Paulo;SP;02/07/2019;
BEN-000295;Feminino;19/02/2009;PL-ESSENCIAL;CT-009;Campinas;SP;20/01/2025;
BEN-000296;Feminino;25/12/1977;PL-EMPRESA;CT-008;Campinas;SP;10/03/2026;
BEN-000297;Feminino;20/11/1976;PL-ESSENCIAL;CT-001;São Paulo;SP;28/09/2018;
BEN-000298;Feminino;26/08/1974;PL-ESSENCIAL;CT-009;São Paulo;SP;17/01/2021;
BEN-000299;Masculino;28/08/1996;PL-ESSENCIAL;CT-005;São Paulo;SP;06/12/2025;
BEN-000300;Masculino;16/01/1963;PL-SUPERIOR;CT-007;Belo Horizonte;MG;06/03/2020;
BEN-000301;Feminino;10/01/1968;PL-EMPRESA;CT-008;São Paulo;SP;18/11/2019;
BEN-000302;Masculino;08/12/1971;PL-EMPRESA;CT-008;São Paulo;SP;21/03/2018;
BEN-000303;Feminino;06/07/1996;PL-SUPERIOR;CT-003;Belo Horizonte;MG;12/09/2021;
BEN-000304;Masculino;15/11/2011;PL-ESSENCIAL;CT-001;São Paulo;SP;10/04/2026;
BEN-000305;Masculino;22/09/2020;PL-ESSENCIAL;CT-005;Campinas;SP;28/01/2023;
BEN-000306;Masculino;21/01/2004;PL-ESSENCIAL;CT-005;Belo Horizonte;MG;23/12/2023;
BEN-000307;Masculino;10/04/1993;PL-EMPRESA;CT-004;Campinas;SP;04/03/2023;
BEN-000308;Feminino;07/09/1985;PL-PADRAO;CT-010;Campinas;SP;24/02/2019;
BEN-000309;Feminino;03/03/1987;PL-ESSENCIAL;CT-001;São Paulo;SP;12/04/2022;
BEN-000310;Feminino;16/05/2025;PL-ESSENCIAL;CT-009;São Paulo;SP;20/07/2024;
BEN-000311;Masculino;27/11/1970;PL-EMPRESA;CT-008;Belo Horizonte;MG;23/06/2021;
BEN-000312;Feminino;03/09/2007;PL-ESSENCIAL;CT-001;Campinas;SP;20/10/2023;05/07/2025
BEN-000313;Feminino;14/01/2011;PL-PADRAO;CT-006;Belo Horizonte;MG;16/04/2026;
BEN-000314;Feminino;25/08/2007;PL-SUPERIOR;CT-007;São Paulo;SP;09/12/2018;
BEN-000315;Masculino;07/04/1973;PL-PADRAO;CT-002;São Paulo;SP;07/11/2023;
BEN-000316;Feminino;07/04/1984;PL-EMPRESA;CT-008;São Paulo;SP;03/02/2025;
BEN-000317;Masculino;13/12/1977;PL-SUPERIOR;CT-007;Belo Horizonte;MG;22/10/2024;
BEN-000318;Feminino;21/10/1963;PL-EMPRESA;CT-004;Campinas;SP;19/03/2021;
BEN-000319;Masculino;03/01/2019;PL-ESSENCIAL;CT-005;São Paulo;SP;15/03/2024;
BEN-000320;Masculino;23/06/1986;PL-SUPERIOR;CT-003;São Paulo;SP;23/09/2018;
BEN-000321;Feminino;28/11/1993;PL-SUPERIOR;CT-003;São Paulo;SP;19/02/2021;
BEN-000322;Feminino;05/11/2017;PL-EMPRESA;CT-008;São Paulo;SP;07/07/2025;
BEN-000323;Feminino;06/01/1996;PL-PADRAO;CT-010;São Paulo;SP;25/09/2021;
BEN-000324;Feminino;08/05/1990;PL-PADRAO;CT-002;Belo Horizonte;MG;16/08/2019;
BEN-000325;Masculino;27/09/1951;PL-EMPRESA;CT-004;Belo Horizonte;MG;15/11/2019;
BEN-000326;Feminino;20/02/1960;PL-PADRAO;CT-006;São Paulo;SP;10/02/2021;
BEN-000327;Masculino;25/02/1981;PL-PADRAO;CT-002;São Paulo;SP;09/05/2023;
BEN-000328;Masculino;02/05/1994;PL-PADRAO;CT-002;Campinas;SP;06/03/2026;
BEN-000329;Masculino;22/03/1982;PL-PADRAO;CT-002;Belo Horizonte;MG;02/07/2020;
BEN-000330;Masculino;12/06/1995;PL-ESSENCIAL;CT-009;Campinas;SP;22/01/2022;
BEN-000331;Masculino;09/04/2011;PL-ESSENCIAL;CT-001;Campinas;SP;15/04/2018;
BEN-000332;Masculino;21/04/1986;PL-PADRAO;CT-010;São Paulo;SP;11/10/2023;
BEN-000333;Masculino;18/08/1953;PL-ESSENCIAL;CT-005;Campinas;SP;29/06/2023;01/10/2025
BEN-000334;Feminino;23/12/1982;PL-PADRAO;CT-010;São Paulo;SP;22/01/2021;
BEN-000335;Feminino;19/02/2004;PL-PADRAO;CT-002;Belo Horizonte;MG;20/05/2021;
BEN-000336;Masculino;21/04/1961;PL-ESSENCIAL;CT-005;São Paulo;SP;23/11/2024;
BEN-000337;Masculino;04/05/1967;PL-PADRAO;CT-006;São Paulo;SP;31/10/2019;08/08/2025
BEN-000338;Masculino;13/06/1983;PL-SUPERIOR;CT-003;Belo Horizonte;MG;26/03/2024;01/04/2025
BEN-000339;Masculino;01/08/1994;PL-ESSENCIAL;CT-001;Campinas;SP;21/01/2021;
BEN-000340;Masculino;28/10/1975;PL-PADRAO;CT-002;São Paulo;SP;20/07/2019;
BEN-000341;Feminino;27/06/1980;PL-PADRAO;CT-010;Belo Horizonte;MG;16/04/2024;
BEN-000342;Feminino;23/10/1973;PL-EMPRESA;CT-004;Campinas;SP;23/11/2023;
BEN-000343;Masculino;14/03/1960;PL-ESSENCIAL;CT-005;Campinas;SP;16/08/2018;
BEN-000344;Masculino;11/10/1987;PL-EMPRESA;CT-004;São Paulo;SP;04/01/2026;
BEN-000345;Masculino;21/07/2024;PL-PADRAO;CT-006;Belo Horizonte;MG;18/06/2019;
BEN-000346;Feminino;04/11/2015;PL-EMPRESA;CT-008;Campinas;SP;12/03/2022;
BEN-000347;Feminino;05/08/1991;PL-PADRAO;CT-006;Belo Horizonte;MG;28/10/2020;
BEN-000348;Masculino;02/10/2010;PL-ESSENCIAL;CT-001;Belo Horizonte;MG;03/07/2024;
BEN-000349;Feminino;05/06/2004;PL-PADRAO;CT-010;Belo Horizonte;MG;26/01/2021;15/03/2026
BEN-000350;Feminino;09/10/1969;PL-ESSENCIAL;CT-005;Belo Horizonte;MG;01/08/2021;
BEN-000351;Feminino;24/12/1998;PL-PADRAO;CT-002;São Paulo;SP;10/07/2024;
BEN-000352;Masculino;05/03/1971;PL-ESSENCIAL;CT-009;Campinas;SP;08/02/2021;
BEN-000353;Feminino;08/01/2006;PL-SUPERIOR;CT-007;Belo Horizonte;MG;20/10/2020;
BEN-000354;Feminino;14/11/2007;PL-ESSENCIAL;CT-009;Belo Horizonte;MG;14/10/2019;
BEN-000355;Masculino;25/11/1979;PL-PADRAO;CT-002;São Paulo;SP;12/02/2021;14/05/2025
BEN-000356;Masculino;24/02/1985;PL-EMPRESA;CT-008;São Paulo;SP;21/02/2020;
BEN-000357;Feminino;18/05/2002;PL-SUPERIOR;CT-003;São Paulo;SP;11/05/2026;
BEN-000358;Feminino;28/05/1970;PL-SUPERIOR;CT-003;Belo Horizonte;MG;07/11/2020;
BEN-000359;Masculino;28/07/1985;PL-ESSENCIAL;CT-001;Belo Horizonte;MG;30/05/2019;
BEN-000360;Feminino;03/11/2002;PL-EMPRESA;CT-004;São Paulo;SP;22/06/2019;09/02/2025
BEN-000361;Feminino;09/09/1988;PL-EMPRESA;CT-008;Campinas;SP;03/01/2023;
BEN-000362;Feminino;11/09/1978;PL-EMPRESA;CT-004;Campinas;SP;03/03/2019;
BEN-000363;Masculino;20/07/1977;PL-EMPRESA;CT-004;São Paulo;SP;18/10/2023;
BEN-000364;Feminino;01/10/1993;PL-SUPERIOR;CT-003;São Paulo;SP;03/05/2025;
BEN-000365;Masculino;14/12/1954;PL-PADRAO;CT-002;São Paulo;SP;21/06/2022;
BEN-000366;Feminino;19/12/1966;PL-SUPERIOR;CT-007;São Paulo;SP;21/03/2020;
BEN-000367;Feminino;19/09/2013;PL-PADRAO;CT-006;Belo Horizonte;MG;05/12/2021;
BEN-000368;Masculino;21/04/1957;PL-ESSENCIAL;CT-009;São Paulo;SP;12/11/2022;
BEN-000369;Masculino;19/12/1994;PL-PADRAO;CT-006;Belo Horizonte;MG;07/03/2025;
BEN-000370;Masculino;26/10/2025;PL-EMPRESA;CT-004;São Paulo;SP;19/04/2022;
BEN-000371;Masculino;02/01/1994;PL-SUPERIOR;CT-007;São Paulo;SP;22/12/2020;
BEN-000372;Feminino;12/09/2010;PL-SUPERIOR;CT-003;São Paulo;SP;23/07/2023;
BEN-000373;Feminino;09/11/1959;PL-PADRAO;CT-002;Campinas;SP;01/10/2023;23/11/2025
BEN-000374;Feminino;19/05/1954;PL-ESSENCIAL;CT-001;São Paulo;SP;21/07/2023;
BEN-000375;Masculino;06/10/1991;PL-ESSENCIAL;CT-005;São Paulo;SP;13/06/2021;25/04/2026
BEN-000376;Masculino;10/05/1990;PL-ESSENCIAL;CT-009;São Paulo;SP;14/01/2024;
BEN-000377;Feminino;25/09/1990;PL-EMPRESA;CT-004;São Paulo;SP;08/12/2025;
BEN-000378;Feminino;11/05/1967;PL-EMPRESA;CT-004;Belo Horizonte;MG;09/07/2021;
BEN-000379;Feminino;25/11/1980;PL-ESSENCIAL;CT-005;São Paulo;SP;26/02/2021;
BEN-000380;Feminino;10/01/1983;PL-SUPERIOR;CT-003;Campinas;SP;10/12/2018;
BEN-000381;Masculino;04/06/1979;PL-PADRAO;CT-006;São Paulo;SP;21/03/2026;
BEN-000382;Masculino;13/09/1983;PL-ESSENCIAL;CT-005;São Paulo;SP;08/08/2019;
BEN-000383;Feminino;21/02/1973;PL-SUPERIOR;CT-007;Belo Horizonte;MG;20/12/2025;
BEN-000384;Masculino;02/04/1988;PL-EMPRESA;CT-008;São Paulo;SP;19/12/2023;
BEN-000385;Masculino;09/06/1984;PL-SUPERIOR;CT-007;São Paulo;SP;11/01/2026;
BEN-000386;Feminino;23/11/1985;PL-SUPERIOR;CT-007;São Paulo;SP;11/09/2022;
BEN-000387;Masculino;07/06/1981;PL-ESSENCIAL;CT-009;São Paulo;SP;16/05/2020;
BEN-000388;Feminino;13/08/1967;PL-PADRAO;CT-010;Campinas;SP;31/03/2024;
BEN-000389;Masculino;14/09/1973;PL-PADRAO;CT-002;Belo Horizonte;MG;16/03/2024;
BEN-000390;Feminino;08/05/2019;PL-ESSENCIAL;CT-009;Belo Horizonte;MG;13/04/2018;16/06/2025
BEN-000391;Feminino;26/05/2006;PL-PADRAO;CT-002;Campinas;SP;22/12/2022;
BEN-000392;Feminino;05/10/1975;PL-EMPRESA;CT-008;São Paulo;SP;21/04/2022;
BEN-000393;Feminino;23/09/1936;PL-PADRAO;CT-010;São Paulo;SP;14/05/2026;
BEN-000394;Masculino;26/11/2011;PL-SUPERIOR;CT-007;São Paulo;SP;04/07/2024;
BEN-000395;Feminino;20/02/1989;PL-PADRAO;CT-006;Belo Horizonte;MG;19/12/2022;
BEN-000396;Feminino;19/04/1984;PL-PADRAO;CT-002;São Paulo;SP;02/04/2026;
BEN-000397;Feminino;27/05/1977;PL-EMPRESA;CT-008;Belo Horizonte;MG;30/03/2020;
BEN-000398;Feminino;19/05/2002;PL-ESSENCIAL;CT-009;São Paulo;SP;26/07/2022;
BEN-000399;Feminino;11/01/1984;PL-ESSENCIAL;CT-005;São Paulo;SP;20/05/2022;
BEN-000400;Masculino;24/09/1990;PL-ESSENCIAL;CT-005;São Paulo;SP;13/02/2024;
BEN-000401;Masculino;14/03/1998;PL-SUPERIOR;CT-003;São Paulo;SP;02/06/2019;
BEN-000402;Masculino;14/05/2007;PL-PADRAO;CT-006;São Paulo;SP;25/02/2023;
BEN-000403;Masculino;08/08/2004;PL-SUPERIOR;CT-007;São Paulo;SP;22/10/2023;
BEN-000404;Feminino;09/06/2004;PL-ESSENCIAL;CT-009;Campinas;SP;01/12/2018;24/05/2025
BEN-000405;Masculino;06/11/1981;PL-EMPRESA;CT-004;São Paulo;SP;25/05/2021;
BEN-000406;Feminino;11/01/2018;PL-ESSENCIAL;CT-005;São Paulo;SP;04/04/2023;
BEN-000407;Feminino;23/02/1987;PL-ESSENCIAL;CT-005;Campinas;SP;10/05/2018;
BEN-000408;Feminino;03/12/1999;PL-ESSENCIAL;CT-005;São Paulo;SP;03/02/2021;
BEN-000409;Masculino;07/03/1965;PL-SUPERIOR;CT-003;Campinas;SP;16/08/2025;
BEN-000410;Masculino;27/01/1993;PL-PADRAO;CT-002;São Paulo;SP;09/05/2023;
BEN-000411;Feminino;07/11/1993;PL-ESSENCIAL;CT-001;São Paulo;SP;18/04/2021;
BEN-000412;Masculino;11/04/1991;PL-PADRAO;CT-010;São Paulo;SP;01/04/2021;
BEN-000413;Feminino;12/05/2016;PL-ESSENCIAL;CT-005;São Paulo;SP;08/04/2022;
BEN-000414;Feminino;26/09/2005;PL-ESSENCIAL;CT-005;São Paulo;SP;11/06/2021;06/07/2025
BEN-000415;Masculino;13/04/2005;PL-ESSENCIAL;CT-005;São Paulo;SP;09/02/2019;
BEN-000416;Masculino;16/02/1981;PL-ESSENCIAL;CT-009;São Paulo;SP;10/12/2021;
BEN-000417;Feminino;09/06/2019;PL-SUPERIOR;CT-003;São Paulo;SP;13/05/2019;
BEN-000418;Feminino;26/02/1958;PL-SUPERIOR;CT-007;Belo Horizonte;MG;18/04/2021;
BEN-000419;Feminino;21/01/1956;PL-SUPERIOR;CT-007;São Paulo;SP;19/06/2022;
BEN-000420;Masculino;09/02/2001;PL-PADRAO;CT-006;São Paulo;SP;11/04/2021;
BEN-000421;Masculino;15/05/1982;PL-EMPRESA;CT-004;São Paulo;SP;21/06/2020;
BEN-000422;Feminino;06/04/1983;PL-PADRAO;CT-010;Campinas;SP;28/01/2022;
BEN-000423;Feminino;27/01/2004;PL-SUPERIOR;CT-007;São Paulo;SP;07/04/2025;
BEN-000424;Feminino;04/05/1986;PL-SUPERIOR;CT-003;Belo Horizonte;MG;20/01/2021;
BEN-000425;Feminino;17/08/1990;PL-EMPRESA;CT-004;Campinas;SP;21/01/2026;
BEN-000426;Feminino;26/12/2025;PL-SUPERIOR;CT-007;Campinas;SP;06/07/2020;
BEN-000427;Masculino;03/12/2006;PL-EMPRESA;CT-004;Belo Horizonte;MG;03/05/2019;
BEN-000428;Masculino;22/02/1984;PL-SUPERIOR;CT-007;São Paulo;SP;26/03/2019;
BEN-000429;Masculino;21/07/2025;PL-EMPRESA;CT-008;São Paulo;SP;19/10/2021;
BEN-000430;Masculino;18/09/1982;PL-PADRAO;CT-002;São Paulo;SP;12/07/2018;
BEN-000431;Masculino;18/11/1984;PL-SUPERIOR;CT-007;São Paulo;SP;08/07/2021;
BEN-000432;Feminino;28/05/2018;PL-EMPRESA;CT-004;São Paulo;SP;11/08/2021;
BEN-000433;Feminino;28/05/1987;PL-PADRAO;CT-002;Belo Horizonte;MG;15/12/2020;
BEN-000434;Feminino;16/01/1973;PL-PADRAO;CT-002;São Paulo;SP;29/06/2022;
BEN-000435;Masculino;23/01/2025;PL-ESSENCIAL;CT-005;São Paulo;SP;17/03/2025;
BEN-000436;Masculino;11/02/1985;PL-PADRAO;CT-006;Belo Horizonte;MG;14/09/2022;
BEN-000437;Masculino;11/04/1978;PL-ESSENCIAL;CT-005;Campinas;SP;08/07/2024;
BEN-000438;Masculino;28/03/2021;PL-PADRAO;CT-002;Campinas;SP;21/07/2021;
BEN-000439;Feminino;21/03/1992;PL-EMPRESA;CT-008;Campinas;SP;20/03/2023;
BEN-000440;Masculino;06/01/2025;PL-SUPERIOR;CT-003;Belo Horizonte;MG;03/02/2021;
BEN-000441;Feminino;18/03/1968;PL-EMPRESA;CT-004;São Paulo;SP;06/07/2018;
BEN-000442;Feminino;27/11/1976;PL-PADRAO;CT-006;São Paulo;SP;19/04/2020;
BEN-000443;Masculino;09/03/1999;PL-EMPRESA;CT-004;Belo Horizonte;MG;06/09/2018;
BEN-000444;Feminino;16/12/1968;PL-SUPERIOR;CT-007;Campinas;SP;03/02/2022;
BEN-000445;Masculino;23/09/1999;PL-PADRAO;CT-002;Campinas;SP;10/11/2024;
BEN-000446;Masculino;22/04/1968;PL-EMPRESA;CT-008;Belo Horizonte;MG;25/11/2023;
BEN-000447;Masculino;20/05/1976;PL-EMPRESA;CT-004;São Paulo;SP;12/12/2025;
BEN-000448;Masculino;01/03/1973;PL-EMPRESA;CT-008;Belo Horizonte;MG;24/09/2022;
BEN-000449;Feminino;02/07/1983;PL-SUPERIOR;CT-003;Campinas;SP;28/02/2023;
BEN-000450;Feminino;28/09/1997;PL-PADRAO;CT-006;São Paulo;SP;09/07/2025;
BEN-000451;Masculino;10/07/2002;PL-SUPERIOR;CT-003;Belo Horizonte;MG;11/06/2021;
BEN-000452;Feminino;28/04/1989;PL-EMPRESA;CT-004;Campinas;SP;03/01/2023;
BEN-000453;Feminino;24/03/1981;PL-ESSENCIAL;CT-001;São Paulo;SP;07/07/2019;
BEN-000454;Feminino;10/06/1996;PL-EMPRESA;CT-008;Campinas;SP;20/08/2021;
BEN-000455;Masculino;17/08/1982;PL-PADRAO;CT-006;Campinas;SP;19/04/2018;
BEN-000456;Masculino;01/02/1998;PL-ESSENCIAL;CT-001;Campinas;SP;15/07/2023;
BEN-000457;Masculino;17/07/2003;PL-EMPRESA;CT-004;Belo Horizonte;MG;30/05/2024;
BEN-000458;Masculino;17/02/2019;PL-EMPRESA;CT-008;São Paulo;SP;01/08/2024;
BEN-000459;Feminino;10/08/1987;PL-ESSENCIAL;CT-009;São Paulo;SP;22/12/2023;25/05/2026
BEN-000460;Feminino;10/04/1985;PL-PADRAO;CT-002;São Paulo;SP;12/03/2024;
BEN-000461;Masculino;05/04/1998;PL-EMPRESA;CT-008;Campinas;SP;18/10/2022;15/12/2025
BEN-000462;Masculino;07/04/1952;PL-EMPRESA;CT-008;São Paulo;SP;03/05/2019;
BEN-000463;Masculino;21/11/1964;PL-SUPERIOR;CT-003;São Paulo;SP;31/03/2023;
BEN-000464;Masculino;07/09/1987;PL-ESSENCIAL;CT-005;Belo Horizonte;MG;04/02/2019;
BEN-000465;Masculino;12/02/1978;PL-ESSENCIAL;CT-005;São Paulo;SP;17/03/2026;
BEN-000466;Masculino;10/06/1992;PL-ESSENCIAL;CT-001;São Paulo;SP;06/07/2019;
BEN-000467;Feminino;02/05/1986;PL-PADRAO;CT-010;Belo Horizonte;MG;22/08/2021;
BEN-000468;Masculino;21/12/1987;PL-EMPRESA;CT-008;São Paulo;SP;06/06/2018;
BEN-000469;Masculino;11/11/1958;PL-ESSENCIAL;CT-001;São Paulo;SP;09/06/2021;
BEN-000470;Masculino;11/07/1973;PL-PADRAO;CT-010;Belo Horizonte;MG;18/11/2023;
BEN-000471;Feminino;22/11/1978;PL-SUPERIOR;CT-007;Campinas;SP;01/04/2020;
BEN-000472;Masculino;15/12/1972;PL-ESSENCIAL;CT-001;Belo Horizonte;MG;14/05/2018;
BEN-000473;Masculino;18/12/1996;PL-SUPERIOR;CT-003;Campinas;SP;06/03/2026;
BEN-000474;Feminino;10/09/1962;PL-EMPRESA;CT-008;Campinas;SP;16/01/2020;
BEN-000475;Masculino;04/11/1989;PL-PADRAO;CT-006;São Paulo;SP;09/02/2025;
BEN-000476;Feminino;28/05/2002;PL-SUPERIOR;CT-003;Belo Horizonte;MG;12/03/2026;
BEN-000477;Feminino;09/12/2013;PL-EMPRESA;CT-008;Belo Horizonte;MG;05/01/2019;
BEN-000478;Masculino;05/03/2000;PL-SUPERIOR;CT-007;Campinas;SP;12/11/2018;
BEN-000479;Masculino;08/03/1972;PL-ESSENCIAL;CT-009;São Paulo;SP;19/10/2022;
BEN-000480;Feminino;08/06/1985;PL-ESSENCIAL;CT-005;São Paulo;SP;02/12/2020;
BEN-000481;Masculino;16/10/1983;PL-EMPRESA;CT-008;Campinas;SP;17/11/2019;
BEN-000482;Masculino;23/06/1978;PL-PADRAO;CT-006;São Paulo;SP;05/02/2023;
BEN-000483;Masculino;17/02/2007;PL-EMPRESA;CT-008;Campinas;SP;03/01/2025;
BEN-000484;Masculino;05/01/1979;PL-PADRAO;CT-010;Campinas;SP;09/09/2022;
BEN-000485;Feminino;15/09/1970;PL-ESSENCIAL;CT-005;São Paulo;SP;24/03/2021;
BEN-000486;Feminino;03/01/1974;PL-ESSENCIAL;CT-009;São Paulo;SP;17/09/2020;
BEN-000487;Masculino;21/02/1989;PL-PADRAO;CT-002;Campinas;SP;26/04/2018;
BEN-000488;Masculino;04/04/1997;PL-PADRAO;CT-002;São Paulo;SP;06/09/2019;
BEN-000489;Feminino;04/07/2008;PL-ESSENCIAL;CT-001;São Paulo;SP;07/11/2022;
BEN-000490;Feminino;27/04/1965;PL-ESSENCIAL;CT-005;São Paulo;SP;01/11/2022;
BEN-000491;Masculino;08/03/1983;PL-SUPERIOR;CT-003;São Paulo;SP;12/02/2019;
BEN-000492;Feminino;01/05/1986;PL-EMPRESA;CT-008;São Paulo;SP;06/08/2019;
BEN-000493;Masculino;05/08/1963;PL-EMPRESA;CT-004;Campinas;SP;30/12/2023;
BEN-000494;Masculino;03/01/2012;PL-EMPRESA;CT-004;São Paulo;SP;07/12/2020;
BEN-000495;Masculino;09/06/2008;PL-EMPRESA;CT-008;São Paulo;SP;31/12/2019;
BEN-000496;Masculino;13/08/1978;PL-ESSENCIAL;CT-005;São Paulo;SP;24/05/2024;
BEN-000497;Feminino;24/03/1960;PL-PADRAO;CT-006;São Paulo;SP;13/08/2023;
BEN-000498;Feminino;11/08/2003;PL-ESSENCIAL;CT-001;Campinas;SP;06/03/2026;
BEN-000499;Masculino;24/07/1977;PL-SUPERIOR;CT-007;São Paulo;SP;07/08/2019;14/06/2026
BEN-000500;Feminino;18/03/1995;PL-SUPERIOR;CT-003;São Paulo;SP;14/02/2019;14/04/2026
BEN-000501;Masculino;22/10/1979;PL-EMPRESA;CT-008;São Paulo;SP;25/08/2020;
BEN-000502;Masculino;08/08/1950;PL-EMPRESA;CT-008;Campinas;SP;30/05/2021;
BEN-000503;Feminino;02/03/1967;PL-PADRAO;CT-010;Campinas;SP;14/05/2025;
BEN-000504;Masculino;07/01/1994;PL-PADRAO;CT-006;São Paulo;SP;23/06/2021;
BEN-000505;Feminino;01/03/1998;PL-ESSENCIAL;CT-009;São Paulo;SP;06/01/2024;
BEN-000506;Feminino;02/06/1978;PL-ESSENCIAL;CT-001;São Paulo;SP;13/08/2024;
BEN-000507;Masculino;10/07/2010;PL-SUPERIOR;CT-003;São Paulo;SP;13/05/2025;
BEN-000508;Masculino;24/03/1992;PL-EMPRESA;CT-004;São Paulo;SP;08/06/2020;
BEN-000509;Masculino;09/08/1967;PL-SUPERIOR;CT-003;São Paulo;SP;16/03/2020;
BEN-000510;Masculino;26/03/1995;PL-PADRAO;CT-006;Campinas;SP;10/05/2019;
BEN-000511;Masculino;16/06/1988;PL-EMPRESA;CT-008;Belo Horizonte;MG;04/04/2025;
BEN-000512;Feminino;04/11/1996;PL-SUPERIOR;CT-003;Belo Horizonte;MG;28/12/2021;
BEN-000513;Masculino;12/10/1983;PL-SUPERIOR;CT-003;São Paulo;SP;17/08/2019;
BEN-000514;Masculino;18/03/1961;PL-ESSENCIAL;CT-009;São Paulo;SP;10/01/2023;09/08/2025
BEN-000515;Masculino;03/11/1974;PL-PADRAO;CT-002;Campinas;SP;12/12/2019;
BEN-000516;Feminino;15/01/2004;PL-EMPRESA;CT-004;Belo Horizonte;MG;22/07/2021;
BEN-000517;Masculino;28/12/1973;PL-ESSENCIAL;CT-009;São Paulo;SP;14/06/2023;
BEN-000518;Masculino;02/08/1969;PL-EMPRESA;CT-008;Campinas;SP;02/09/2025;
BEN-000519;Feminino;01/08/2004;PL-SUPERIOR;CT-003;Belo Horizonte;MG;25/10/2021;25/10/2025
BEN-000520;Masculino;08/12/1992;PL-ESSENCIAL;CT-009;Campinas;SP;19/03/2019;
BEN-000521;Masculino;14/01/2001;PL-ESSENCIAL;CT-001;Belo Horizonte;MG;25/10/2021;
BEN-000522;Masculino;26/11/1984;PL-SUPERIOR;CT-003;Campinas;SP;13/09/2024;11/05/2025
BEN-000523;Masculino;05/06/1989;PL-PADRAO;CT-010;São Paulo;SP;29/07/2023;
BEN-000524;Feminino;21/04/1985;PL-EMPRESA;CT-008;São Paulo;SP;16/08/2025;
BEN-000525;Masculino;06/04/1974;PL-ESSENCIAL;CT-001;Belo Horizonte;MG;09/10/2023;
BEN-000526;Masculino;09/07/1959;PL-ESSENCIAL;CT-005;São Paulo;SP;06/08/2024;
BEN-000527;Feminino;01/09/1988;PL-ESSENCIAL;CT-005;Campinas;SP;23/06/2018;
BEN-000528;Masculino;24/06/2006;PL-ESSENCIAL;CT-009;São Paulo;SP;03/05/2026;
BEN-000529;Masculino;24/04/2025;PL-PADRAO;CT-010;São Paulo;SP;26/08/2020;
BEN-000530;Feminino;19/07/1981;PL-PADRAO;CT-006;Campinas;SP;29/01/2021;12/07/2025
BEN-000531;Masculino;22/11/1970;PL-PADRAO;CT-002;Campinas;SP;26/02/2019;
BEN-000532;Masculino;17/11/2010;PL-EMPRESA;CT-008;Campinas;SP;21/03/2021;
BEN-000533;Masculino;12/03/1976;PL-SUPERIOR;CT-003;São Paulo;SP;12/07/2024;
BEN-000534;Masculino;20/05/1984;PL-PADRAO;CT-006;São Paulo;SP;25/07/2021;
BEN-000535;Feminino;07/10/1970;PL-ESSENCIAL;CT-001;São Paulo;SP;26/09/2022;
BEN-000536;Masculino;07/09/1987;PL-SUPERIOR;CT-003;São Paulo;SP;24/11/2019;
BEN-000537;Masculino;20/08/2009;PL-PADRAO;CT-002;São Paulo;SP;26/11/2020;
BEN-000538;Masculino;27/01/2003;PL-SUPERIOR;CT-007;São Paulo;SP;13/01/2022;
BEN-000539;Feminino;17/11/2025;PL-SUPERIOR;CT-007;Campinas;SP;10/09/2018;
BEN-000540;Masculino;28/08/2011;PL-PADRAO;CT-006;São Paulo;SP;07/07/2023;
BEN-000541;Feminino;02/09/1991;PL-PADRAO;CT-002;São Paulo;SP;10/04/2022;
BEN-000542;Masculino;22/05/1966;PL-ESSENCIAL;CT-001;São Paulo;SP;04/03/2022;
BEN-000543;Feminino;23/07/1958;PL-ESSENCIAL;CT-005;São Paulo;SP;27/10/2019;
BEN-000544;Masculino;07/06/1958;PL-SUPERIOR;CT-003;São Paulo;SP;25/06/2018;
BEN-000545;Masculino;23/07/1995;PL-ESSENCIAL;CT-001;Campinas;SP;03/02/2023;
BEN-000546;Feminino;04/03/1967;PL-ESSENCIAL;CT-009;Belo Horizonte;MG;23/03/2019;
BEN-000547;Masculino;04/07/2010;PL-EMPRESA;CT-008;São Paulo;SP;29/05/2018;
BEN-000548;Feminino;02/05/1964;PL-EMPRESA;CT-008;Campinas;SP;16/10/2023;
BEN-000549;Feminino;03/10/1975;PL-EMPRESA;CT-004;Belo Horizonte;MG;06/05/2024;
BEN-000550;Feminino;11/03/2016;PL-ESSENCIAL;CT-009;Belo Horizonte;MG;03/10/2018;
BEN-000551;Feminino;27/06/1989;PL-SUPERIOR;CT-007;São Paulo;SP;17/05/2019;
BEN-000552;Masculino;06/12/1990;PL-PADRAO;CT-002;São Paulo;SP;13/11/2021;
BEN-000553;Masculino;27/12/1969;PL-PADRAO;CT-006;São Paulo;SP;24/08/2018;
BEN-000554;Masculino;21/05/2008;PL-ESSENCIAL;CT-001;Belo Horizonte;MG;29/03/2021;
BEN-000555;Masculino;10/03/2014;PL-PADRAO;CT-006;São Paulo;SP;21/01/2022;
BEN-000556;Masculino;12/12/2000;PL-EMPRESA;CT-004;São Paulo;SP;03/05/2018;
BEN-000557;Feminino;21/04/1980;PL-PADRAO;CT-002;Belo Horizonte;MG;02/11/2020;
BEN-000558;Feminino;18/04/1984;PL-SUPERIOR;CT-007;Campinas;SP;07/04/2025;
BEN-000559;Feminino;01/05/1985;PL-PADRAO;CT-006;São Paulo;SP;14/03/2025;
BEN-000560;Feminino;09/06/2007;PL-ESSENCIAL;CT-001;Belo Horizonte;MG;17/11/2024;
BEN-000561;Masculino;11/11/2002;PL-ESSENCIAL;CT-005;Belo Horizonte;MG;06/05/2021;
BEN-000562;Feminino;08/04/1956;PL-PADRAO;CT-006;São Paulo;SP;29/06/2022;
BEN-000563;Feminino;11/06/1991;PL-EMPRESA;CT-008;São Paulo;SP;26/05/2022;
BEN-000564;Feminino;13/06/1991;PL-EMPRESA;CT-008;São Paulo;SP;28/03/2023;
BEN-000565;Masculino;15/02/1995;PL-ESSENCIAL;CT-005;Belo Horizonte;MG;05/01/2019;
BEN-000566;Feminino;16/06/1978;PL-EMPRESA;CT-008;Belo Horizonte;MG;20/02/2025;
BEN-000567;Feminino;14/02/1995;PL-PADRAO;CT-006;São Paulo;SP;01/11/2024;
BEN-000568;Masculino;05/01/2018;PL-ESSENCIAL;CT-005;Campinas;SP;28/07/2021;
BEN-000569;Feminino;11/12/1976;PL-ESSENCIAL;CT-005;São Paulo;SP;31/01/2022;
BEN-000570;Masculino;07/10/1981;PL-ESSENCIAL;CT-005;Campinas;SP;29/04/2023;
BEN-000571;Masculino;05/12/1984;PL-SUPERIOR;CT-003;Campinas;SP;15/07/2018;
BEN-000572;Masculino;23/12/1994;PL-PADRAO;CT-010;Campinas;SP;06/12/2020;
BEN-000573;Feminino;01/01/1973;PL-EMPRESA;CT-004;Belo Horizonte;MG;08/07/2019;
BEN-000574;Feminino;02/11/1997;PL-EMPRESA;CT-008;São Paulo;SP;07/09/2023;
BEN-000575;Masculino;14/12/1975;PL-EMPRESA;CT-004;São Paulo;SP;16/12/2022;
BEN-000576;Feminino;06/05/2011;PL-EMPRESA;CT-004;São Paulo;SP;25/08/2024;
BEN-000577;Feminino;28/11/2012;PL-PADRAO;CT-002;Belo Horizonte;MG;03/09/2024;
BEN-000578;Feminino;20/05/1985;PL-EMPRESA;CT-008;São Paulo;SP;04/05/2021;02/03/2025
BEN-000579;Feminino;18/02/2022;PL-EMPRESA;CT-008;São Paulo;SP;30/05/2020;
BEN-000580;Masculino;09/11/1994;PL-PADRAO;CT-002;Campinas;SP;27/07/2018;
BEN-000581;Masculino;07/05/2000;PL-SUPERIOR;CT-007;São Paulo;SP;14/07/2023;
BEN-000582;Masculino;04/07/1972;PL-EMPRESA;CT-004;Belo Horizonte;MG;12/08/2020;
BEN-000583;Feminino;01/08/1971;PL-ESSENCIAL;CT-001;Campinas;SP;24/11/2022;
BEN-000584;Feminino;18/08/1963;PL-PADRAO;CT-002;São Paulo;SP;17/12/2025;
BEN-000585;Feminino;18/05/1984;PL-PADRAO;CT-002;Belo Horizonte;MG;19/11/2018;
BEN-000586;Feminino;06/06/1988;PL-SUPERIOR;CT-003;Belo Horizonte;MG;12/08/2020;
BEN-000587;Masculino;02/05/2003;PL-PADRAO;CT-002;Belo Horizonte;MG;05/11/2024;
BEN-000588;Masculino;06/12/1979;PL-PADRAO;CT-010;São Paulo;SP;21/09/2025;
BEN-000589;Masculino;28/01/1982;PL-PADRAO;CT-006;Campinas;SP;25/03/2024;
BEN-000590;Feminino;07/04/2022;PL-PADRAO;CT-010;São Paulo;SP;09/04/2022;
BEN-000591;Feminino;01/03/1998;PL-EMPRESA;CT-004;São Paulo;SP;10/12/2021;
BEN-000592;Masculino;25/08/1957;PL-EMPRESA;CT-004;Belo Horizonte;MG;18/06/2020;
BEN-000593;Feminino;04/01/1989;PL-ESSENCIAL;CT-009;Campinas;SP;03/12/2023;
BEN-000594;Masculino;14/02/1999;PL-EMPRESA;CT-008;Belo Horizonte;MG;06/05/2023;
BEN-000595;Masculino;08/02/1982;PL-SUPERIOR;CT-007;São Paulo;SP;04/12/2025;
BEN-000596;Masculino;02/09/1997;PL-ESSENCIAL;CT-009;Belo Horizonte;MG;06/11/2024;
BEN-000597;Masculino;10/05/1981;PL-ESSENCIAL;CT-005;Campinas;SP;23/09/2024;
BEN-000598;Feminino;28/03/1987;PL-ESSENCIAL;CT-001;São Paulo;SP;05/10/2025;
BEN-000599;Masculino;02/04/1964;PL-PADRAO;CT-002;São Paulo;SP;11/03/2026;
BEN-000600;Masculino;27/12/1994;PL-SUPERIOR;CT-003;Campinas;SP;07/07/2019;
BEN-000601;Feminino;01/02/1956;PL-PADRAO;CT-006;São Paulo;SP;06/04/2018;
BEN-000602;Masculino;03/01/2004;PL-PADRAO;CT-010;Campinas;SP;14/06/2024;
BEN-000603;Feminino;03/01/1996;PL-EMPRESA;CT-004;Campinas;SP;25/09/2020;
BEN-000604;Masculino;22/12/1997;PL-PADRAO;CT-010;São Paulo;SP;15/04/2026;
BEN-000605;Masculino;14/08/2003;PL-EMPRESA;CT-008;Campinas;SP;09/01/2025;
BEN-000606;Masculino;03/03/1973;PL-SUPERIOR;CT-003;Belo Horizonte;MG;09/11/2024;
BEN-000607;Feminino;26/06/1992;PL-PADRAO;CT-002;Belo Horizonte;MG;18/12/2025;
BEN-000608;Feminino;14/10/1976;PL-PADRAO;CT-010;São Paulo;SP;12/07/2025;01/01/2026
BEN-000609;Feminino;27/04/1987;PL-EMPRESA;CT-004;Belo Horizonte;MG;05/03/2021;16/05/2025
BEN-000610;Feminino;26/09/1960;PL-EMPRESA;CT-008;São Paulo;SP;02/04/2022;
BEN-000611;Feminino;25/10/1995;PL-PADRAO;CT-002;São Paulo;SP;23/02/2020;
BEN-000612;Feminino;21/01/2009;PL-ESSENCIAL;CT-001;Campinas;SP;17/08/2019;20/09/2025
BEN-000613;Masculino;17/01/1957;PL-EMPRESA;CT-004;São Paulo;SP;21/12/2019;
BEN-000614;Masculino;12/07/1990;PL-PADRAO;CT-010;Belo Horizonte;MG;23/10/2021;02/01/2026
BEN-000615;Feminino;16/09/1954;PL-PADRAO;CT-010;São Paulo;SP;23/12/2019;
BEN-000616;Feminino;26/12/1995;PL-SUPERIOR;CT-007;São Paulo;SP;30/01/2022;
BEN-000617;Feminino;08/05/1986;PL-ESSENCIAL;CT-009;São Paulo;SP;11/04/2021;
BEN-000618;Feminino;17/12/1984;PL-SUPERIOR;CT-003;São Paulo;SP;21/06/2022;
BEN-000619;Feminino;15/01/1973;PL-ESSENCIAL;CT-001;São Paulo;SP;23/05/2023;18/02/2026
BEN-000620;Masculino;14/09/1968;PL-ESSENCIAL;CT-005;Belo Horizonte;MG;29/03/2022;
BEN-000621;Masculino;22/11/1992;PL-ESSENCIAL;CT-001;São Paulo;SP;05/09/2019;
BEN-000622;Feminino;17/10/1999;PL-PADRAO;CT-006;São Paulo;SP;19/07/2024;
BEN-000623;Feminino;11/12/1970;PL-PADRAO;CT-006;São Paulo;SP;28/05/2022;
BEN-000624;Masculino;09/01/2006;PL-PADRAO;CT-006;São Paulo;SP;14/09/2024;
BEN-000625;Masculino;03/01/1991;PL-SUPERIOR;CT-003;São Paulo;SP;16/10/2020;
BEN-000626;Feminino;13/02/1965;PL-SUPERIOR;CT-007;São Paulo;SP;03/09/2024;
BEN-000627;Masculino;16/02/1980;PL-SUPERIOR;CT-003;Campinas;SP;27/12/2023;
BEN-000628;Feminino;20/10/1973;PL-SUPERIOR;CT-007;Campinas;SP;12/01/2020;
BEN-000629;Feminino;08/02/1956;PL-SUPERIOR;CT-003;São Paulo;SP;30/09/2023;
BEN-000630;Feminino;17/11/2000;PL-EMPRESA;CT-004;Belo Horizonte;MG;24/12/2021;
BEN-000631;Feminino;15/07/1988;PL-SUPERIOR;CT-007;Belo Horizonte;MG;22/03/2018;
BEN-000632;Masculino;07/08/2009;PL-ESSENCIAL;CT-001;São Paulo;SP;25/11/2022;
BEN-000633;Feminino;08/07/1981;PL-SUPERIOR;CT-007;Belo Horizonte;MG;06/08/2020;
BEN-000634;Feminino;02/08/2005;PL-ESSENCIAL;CT-005;Campinas;SP;13/08/2023;
BEN-000635;Masculino;19/11/2003;PL-EMPRESA;CT-008;Campinas;SP;23/05/2023;
BEN-000636;Feminino;24/12/1971;PL-SUPERIOR;CT-003;Belo Horizonte;MG;13/07/2021;
BEN-000637;Masculino;27/11/1935;PL-ESSENCIAL;CT-009;São Paulo;SP;20/02/2025;
BEN-000638;Feminino;25/06/2007;PL-PADRAO;CT-010;Campinas;SP;04/01/2019;
BEN-000639;Masculino;11/10/1968;PL-ESSENCIAL;CT-005;Belo Horizonte;MG;27/03/2021;
BEN-000640;Masculino;07/09/2001;PL-SUPERIOR;CT-003;Belo Horizonte;MG;21/07/2023;
BEN-000641;Feminino;01/03/2008;PL-ESSENCIAL;CT-005;Belo Horizonte;MG;14/07/2020;
BEN-000642;Feminino;10/01/1966;PL-PADRAO;CT-002;São Paulo;SP;30/09/2024;
BEN-000643;Masculino;25/02/1982;PL-PADRAO;CT-006;São Paulo;SP;21/01/2023;
BEN-000644;Feminino;28/04/2007;PL-EMPRESA;CT-004;Belo Horizonte;MG;15/10/2024;
BEN-000645;Masculino;02/08/2015;PL-PADRAO;CT-002;Campinas;SP;19/03/2026;
BEN-000646;Masculino;16/01/1988;PL-PADRAO;CT-010;São Paulo;SP;07/05/2021;
BEN-000647;Feminino;12/12/1952;PL-PADRAO;CT-002;Campinas;SP;28/06/2022;
BEN-000648;Masculino;17/09/1986;PL-SUPERIOR;CT-003;São Paulo;SP;29/11/2018;
BEN-000649;Masculino;12/04/1991;PL-SUPERIOR;CT-007;Belo Horizonte;MG;18/05/2025;
BEN-000650;Masculino;24/04/1958;PL-SUPERIOR;CT-003;São Paulo;SP;28/05/2019;
BEN-000651;Masculino;04/04/2024;PL-PADRAO;CT-006;São Paulo;SP;03/06/2023;
BEN-000652;Feminino;19/10/1983;PL-PADRAO;CT-006;São Paulo;SP;05/03/2018;
BEN-000653;Masculino;15/11/1981;PL-ESSENCIAL;CT-005;São Paulo;SP;08/12/2020;
BEN-000654;Feminino;21/04/1990;PL-EMPRESA;CT-008;Belo Horizonte;MG;22/06/2021;
BEN-000655;Masculino;22/01/2009;PL-ESSENCIAL;CT-001;São Paulo;SP;22/04/2021;
BEN-000656;Feminino;18/04/1980;PL-ESSENCIAL;CT-005;Campinas;SP;26/06/2022;
BEN-000657;Masculino;13/03/2021;PL-PADRAO;CT-006;São Paulo;SP;25/10/2023;
BEN-000658;Masculino;09/12/1989;PL-PADRAO;CT-006;Belo Horizonte;MG;16/06/2022;
BEN-000659;Masculino;21/01/1987;PL-SUPERIOR;CT-007;Belo Horizonte;MG;11/04/2025;
BEN-000660;Feminino;01/02/1988;PL-EMPRESA;CT-008;São Paulo;SP;27/06/2023;
BEN-000661;Feminino;24/06/2024;PL-PADRAO;CT-006;Campinas;SP;08/09/2020;08/11/2025
BEN-000662;Feminino;03/11/1950;PL-EMPRESA;CT-008;Belo Horizonte;MG;12/11/2018;
BEN-000663;Feminino;19/09/1981;PL-ESSENCIAL;CT-005;Campinas;SP;20/11/2023;
BEN-000664;Masculino;22/02/1968;PL-ESSENCIAL;CT-009;São Paulo;SP;17/09/2025;
BEN-000665;Masculino;04/06/2000;PL-EMPRESA;CT-004;Belo Horizonte;MG;09/11/2020;
BEN-000666;Feminino;22/08/1981;PL-ESSENCIAL;CT-005;São Paulo;SP;22/12/2022;
BEN-000667;Feminino;23/04/1957;PL-PADRAO;CT-010;São Paulo;SP;06/06/2025;
BEN-000668;Feminino;18/03/1971;PL-ESSENCIAL;CT-001;Belo Horizonte;MG;09/10/2022;
BEN-000669;Feminino;20/08/1981;PL-EMPRESA;CT-008;São Paulo;SP;20/03/2025;
BEN-000670;Feminino;05/03/1975;PL-ESSENCIAL;CT-005;Belo Horizonte;MG;01/05/2022;
BEN-000671;Feminino;02/05/1999;PL-ESSENCIAL;CT-005;Campinas;SP;15/07/2025;
BEN-000672;Masculino;13/07/1986;PL-SUPERIOR;CT-007;Belo Horizonte;MG;27/10/2024;
BEN-000673;Masculino;24/04/2003;PL-ESSENCIAL;CT-001;Belo Horizonte;MG;04/10/2018;20/03/2025
BEN-000674;Masculino;20/10/1987;PL-PADRAO;CT-002;Belo Horizonte;MG;06/06/2018;
BEN-000675;Feminino;10/10/1992;PL-ESSENCIAL;CT-001;Belo Horizonte;MG;17/11/2021;22/03/2026
BEN-000676;Feminino;26/08/1966;PL-SUPERIOR;CT-003;São Paulo;SP;03/02/2021;
BEN-000677;Masculino;18/05/1995;PL-PADRAO;CT-006;Belo Horizonte;MG;07/09/2025;
BEN-000678;Masculino;20/09/1982;PL-PADRAO;CT-010;São Paulo;SP;31/03/2019;
BEN-000679;Masculino;21/08/1997;PL-SUPERIOR;CT-003;Belo Horizonte;MG;17/04/2021;
BEN-000680;Feminino;20/12/1974;PL-EMPRESA;CT-004;São Paulo;SP;23/04/2021;
BEN-000681;Masculino;13/10/1970;PL-PADRAO;CT-002;São Paulo;SP;19/01/2022;
BEN-000682;Feminino;26/02/2001;PL-SUPERIOR;CT-003;São Paulo;SP;06/12/2025;
BEN-000683;Feminino;20/08/1983;PL-PADRAO;CT-006;São Paulo;SP;21/12/2025;
BEN-000684;Masculino;13/03/2017;PL-ESSENCIAL;CT-005;Campinas;SP;13/10/2024;
BEN-000685;Feminino;18/07/2007;PL-PADRAO;CT-006;Belo Horizonte;MG;25/11/2018;
BEN-000686;Masculino;10/06/1977;PL-ESSENCIAL;CT-009;Belo Horizonte;MG;08/04/2025;
BEN-000687;Feminino;14/12/1991;PL-EMPRESA;CT-008;São Paulo;SP;17/11/2023;
BEN-000688;Masculino;04/02/1936;PL-PADRAO;CT-002;São Paulo;SP;26/12/2022;
BEN-000689;Feminino;03/10/1987;PL-PADRAO;CT-002;Campinas;SP;08/01/2020;
BEN-000690;Masculino;09/04/1992;PL-EMPRESA;CT-004;Belo Horizonte;MG;23/03/2019;
BEN-000691;Masculino;27/09/1956;PL-SUPERIOR;CT-003;Campinas;SP;12/11/2021;
BEN-000692;Feminino;05/02/2000;PL-PADRAO;CT-002;São Paulo;SP;14/10/2022;07/10/2025
BEN-000693;Masculino;05/03/1994;PL-PADRAO;CT-006;São Paulo;SP;09/01/2019;
BEN-000694;Masculino;04/08/2002;PL-EMPRESA;CT-008;Campinas;SP;07/12/2025;
BEN-000695;Masculino;09/11/1954;PL-EMPRESA;CT-008;Belo Horizonte;MG;14/09/2023;
BEN-000696;Masculino;23/09/1960;PL-EMPRESA;CT-004;São Paulo;SP;26/07/2019;
BEN-000697;Feminino;11/02/1991;PL-ESSENCIAL;CT-009;São Paulo;SP;09/03/2018;
BEN-000698;Masculino;20/06/2002;PL-SUPERIOR;CT-007;Campinas;SP;22/03/2024;
BEN-000699;Feminino;24/02/1980;PL-PADRAO;CT-010;Belo Horizonte;MG;06/03/2018;
BEN-000700;Masculino;16/11/1980;PL-SUPERIOR;CT-007;Belo Horizonte;MG;18/02/2024;
BEN-000701;Feminino;08/01/2001;PL-ESSENCIAL;CT-005;São Paulo;SP;08/07/2021;
BEN-000702;Feminino;25/11/2024;PL-SUPERIOR;CT-007;São Paulo;SP;01/11/2022;
BEN-000703;Feminino;13/05/1974;PL-ESSENCIAL;CT-005;São Paulo;SP;25/10/2021;
BEN-000704;Feminino;12/03/1981;PL-PADRAO;CT-010;São Paulo;SP;10/06/2020;
BEN-000705;Feminino;13/07/1979;PL-ESSENCIAL;CT-001;São Paulo;SP;24/05/2020;
BEN-000706;Masculino;20/04/1987;PL-ESSENCIAL;CT-009;São Paulo;SP;29/12/2020;
BEN-000707;Feminino;04/06/1982;PL-PADRAO;CT-002;São Paulo;SP;16/08/2021;
BEN-000708;Feminino;24/01/1987;PL-SUPERIOR;CT-007;Belo Horizonte;MG;01/03/2024;
BEN-000709;Masculino;23/09/1995;PL-PADRAO;CT-010;São Paulo;SP;31/05/2022;
BEN-000710;Masculino;05/03/2002;PL-PADRAO;CT-006;São Paulo;SP;30/04/2022;
BEN-000711;Feminino;04/06/1986;PL-ESSENCIAL;CT-005;São Paulo;SP;20/05/2018;
BEN-000712;Masculino;08/03/1942;PL-SUPERIOR;CT-003;Campinas;SP;05/03/2022;
BEN-000713;Feminino;01/04/1971;PL-ESSENCIAL;CT-009;São Paulo;SP;31/10/2019;
BEN-000714;Masculino;05/07/2010;PL-ESSENCIAL;CT-001;São Paulo;SP;03/10/2018;
BEN-000715;Feminino;01/01/1982;PL-PADRAO;CT-006;São Paulo;SP;21/02/2021;
BEN-000716;Masculino;10/08/1993;PL-EMPRESA;CT-008;São Paulo;SP;19/02/2020;
BEN-000717;Feminino;01/08/1997;PL-SUPERIOR;CT-003;Campinas;SP;08/12/2022;
BEN-000718;Feminino;06/12/1958;PL-ESSENCIAL;CT-005;Campinas;SP;29/04/2024;
BEN-000719;Masculino;09/07/1957;PL-SUPERIOR;CT-003;São Paulo;SP;04/12/2020;
BEN-000720;Masculino;03/07/1993;PL-ESSENCIAL;CT-001;São Paulo;SP;25/09/2020;
BEN-000721;Masculino;21/08/2011;PL-EMPRESA;CT-008;Campinas;SP;15/01/2022;
BEN-000722;Feminino;11/12/1974;PL-PADRAO;CT-010;São Paulo;SP;09/07/2025;
BEN-000723;Masculino;05/05/2007;PL-ESSENCIAL;CT-009;São Paulo;SP;22/09/2023;
BEN-000724;Masculino;02/01/2010;PL-EMPRESA;CT-008;São Paulo;SP;30/06/2021;
BEN-000725;Feminino;23/12/1992;PL-ESSENCIAL;CT-005;São Paulo;SP;20/11/2020;
BEN-000726;Masculino;24/01/1988;PL-EMPRESA;CT-008;São Paulo;SP;25/01/2021;
BEN-000727;Feminino;11/07/1983;PL-PADRAO;CT-006;Belo Horizonte;MG;14/03/2024;
BEN-000728;Feminino;07/11/1998;PL-ESSENCIAL;CT-001;São Paulo;SP;08/04/2023;
BEN-000729;Feminino;12/06/1955;PL-SUPERIOR;CT-003;Campinas;SP;21/12/2025;
BEN-000730;Masculino;03/03/1947;PL-SUPERIOR;CT-007;São Paulo;SP;31/08/2021;
BEN-000731;Feminino;18/01/1971;PL-EMPRESA;CT-008;Campinas;SP;05/04/2020;
BEN-000732;Masculino;07/03/1985;PL-PADRAO;CT-002;Belo Horizonte;MG;20/02/2023;
BEN-000733;Feminino;19/09/1995;PL-ESSENCIAL;CT-005;São Paulo;SP;04/12/2022;
BEN-000734;Masculino;15/11/2025;PL-EMPRESA;CT-004;São Paulo;SP;14/05/2023;06/03/2025
BEN-000735;Feminino;16/11/2019;PL-EMPRESA;CT-008;Belo Horizonte;MG;15/12/2018;
BEN-000736;Feminino;18/07/2009;PL-SUPERIOR;CT-007;Campinas;SP;20/12/2025;
BEN-000737;Feminino;12/01/1947;PL-EMPRESA;CT-008;São Paulo;SP;07/09/2022;
BEN-000738;Feminino;04/08/1967;PL-EMPRESA;CT-008;Belo Horizonte;MG;15/07/2024;
BEN-000739;Masculino;25/10/1956;PL-ESSENCIAL;CT-001;Campinas;SP;27/11/2024;
BEN-000740;Feminino;05/06/1947;PL-PADRAO;CT-010;Campinas;SP;01/02/2023;
BEN-000741;Feminino;17/05/1968;PL-EMPRESA;CT-004;Campinas;SP;28/11/2022;
BEN-000742;Masculino;28/12/1990;PL-PADRAO;CT-010;São Paulo;SP;09/10/2024;
BEN-000743;Masculino;05/05/2006;PL-SUPERIOR;CT-003;São Paulo;SP;27/07/2023;01/06/2025
BEN-000744;Masculino;11/10/1971;PL-PADRAO;CT-002;Belo Horizonte;MG;18/04/2022;
BEN-000745;Feminino;10/12/1966;PL-ESSENCIAL;CT-001;São Paulo;SP;21/04/2025;
BEN-000746;Feminino;12/07/1978;PL-EMPRESA;CT-008;São Paulo;SP;02/07/2023;
BEN-000747;Masculino;09/03/2003;PL-PADRAO;CT-010;Campinas;SP;07/06/2021;
BEN-000748;Masculino;24/12/1980;PL-PADRAO;CT-010;São Paulo;SP;14/05/2019;
BEN-000749;Feminino;01/10/2007;PL-PADRAO;CT-006;Campinas;SP;26/02/2019;
BEN-000750;Feminino;17/02/1992;PL-EMPRESA;CT-008;Campinas;SP;10/11/2021;
BEN-000751;Masculino;16/03/1980;PL-ESSENCIAL;CT-009;Campinas;SP;04/12/2021;
BEN-000752;Masculino;16/02/1995;PL-PADRAO;CT-002;São Paulo;SP;07/11/2024;
BEN-000753;Feminino;14/01/1976;PL-ESSENCIAL;CT-009;São Paulo;SP;15/07/2024;
BEN-000754;Masculino;18/05/1996;PL-PADRAO;CT-006;Belo Horizonte;MG;07/01/2021;
BEN-000755;Masculino;23/03/2017;PL-ESSENCIAL;CT-001;São Paulo;SP;19/07/2019;
BEN-000756;Feminino;16/08/1976;PL-PADRAO;CT-006;Campinas;SP;07/10/2022;
BEN-000757;Feminino;01/10/1978;PL-EMPRESA;CT-004;Belo Horizonte;MG;11/05/2018;
BEN-000758;Feminino;28/12/1995;PL-SUPERIOR;CT-007;São Paulo;SP;07/08/2018;
BEN-000759;Feminino;07/03/1987;PL-SUPERIOR;CT-007;Belo Horizonte;MG;25/10/2018;
BEN-000760;Masculino;11/04/1969;PL-EMPRESA;CT-008;São Paulo;SP;19/11/2020;
BEN-000761;Feminino;10/04/1952;PL-PADRAO;CT-010;São Paulo;SP;16/08/2019;
BEN-000762;Masculino;23/12/1963;PL-ESSENCIAL;CT-005;São Paulo;SP;22/11/2022;
BEN-000763;Feminino;07/12/1952;PL-ESSENCIAL;CT-001;São Paulo;SP;06/05/2021;12/11/2025
BEN-000764;Masculino;06/01/1970;PL-ESSENCIAL;CT-005;Belo Horizonte;MG;04/02/2019;
BEN-000765;Masculino;11/03/1995;PL-SUPERIOR;CT-007;Campinas;SP;11/11/2020;
BEN-000766;Feminino;18/10/2006;PL-ESSENCIAL;CT-001;Belo Horizonte;MG;08/07/2018;09/04/2025
BEN-000767;Feminino;12/05/2003;PL-PADRAO;CT-010;Campinas;SP;09/04/2018;
BEN-000768;Masculino;10/10/1963;PL-ESSENCIAL;CT-009;Campinas;SP;19/04/2024;
BEN-000769;Masculino;04/11/1988;PL-SUPERIOR;CT-007;Campinas;SP;19/10/2019;
BEN-000770;Feminino;28/04/1980;PL-ESSENCIAL;CT-001;Campinas;SP;06/09/2022;
BEN-000771;Masculino;04/12/2008;PL-ESSENCIAL;CT-005;Campinas;SP;15/04/2023;
BEN-000772;Masculino;06/08/2015;PL-ESSENCIAL;CT-001;Campinas;SP;15/12/2020;
BEN-000773;Masculino;10/02/1992;PL-PADRAO;CT-002;São Paulo;SP;14/10/2022;
BEN-000774;Masculino;06/11/1984;PL-PADRAO;CT-002;Belo Horizonte;MG;24/05/2019;03/05/2025
BEN-000775;Masculino;01/03/1960;PL-SUPERIOR;CT-007;Belo Horizonte;MG;13/09/2024;
BEN-000776;Feminino;12/05/1990;PL-EMPRESA;CT-004;São Paulo;SP;17/03/2020;18/01/2026
BEN-000777;Masculino;24/08/1978;PL-ESSENCIAL;CT-005;São Paulo;SP;23/06/2022;
BEN-000778;Masculino;28/07/1960;PL-SUPERIOR;CT-007;Campinas;SP;27/03/2018;
BEN-000779;Feminino;07/02/1981;PL-SUPERIOR;CT-007;Campinas;SP;05/10/2024;
BEN-000780;Masculino;11/03/1977;PL-ESSENCIAL;CT-005;São Paulo;SP;15/11/2021;
BEN-000781;Masculino;12/07/1999;PL-PADRAO;CT-006;Campinas;SP;30/03/2019;
BEN-000782;Masculino;10/11/2013;PL-PADRAO;CT-006;Campinas;SP;12/12/2020;
BEN-000783;Masculino;21/09/2017;PL-ESSENCIAL;CT-001;São Paulo;SP;18/09/2021;
BEN-000784;Feminino;06/10/1978;PL-ESSENCIAL;CT-001;São Paulo;SP;19/05/2023;
BEN-000785;Feminino;21/11/1994;PL-EMPRESA;CT-004;São Paulo;SP;13/07/2023;06/05/2026
BEN-000786;Masculino;06/11/2005;PL-EMPRESA;CT-008;Campinas;SP;09/01/2023;
BEN-000787;Feminino;15/01/1994;PL-PADRAO;CT-002;São Paulo;SP;21/05/2023;
BEN-000788;Feminino;21/12/1972;PL-SUPERIOR;CT-007;São Paulo;SP;16/04/2020;
BEN-000789;Feminino;08/05/1949;PL-ESSENCIAL;CT-009;São Paulo;SP;24/07/2019;
BEN-000790;Masculino;27/09/1981;PL-SUPERIOR;CT-007;Campinas;SP;09/09/2022;
BEN-000791;Masculino;14/04/2013;PL-EMPRESA;CT-008;São Paulo;SP;22/11/2021;06/03/2025
BEN-000792;Feminino;16/10/2025;PL-PADRAO;CT-006;Campinas;SP;02/06/2026;16/06/2026
BEN-000793;Feminino;17/07/1970;PL-ESSENCIAL;CT-009;Campinas;SP;24/01/2022;
BEN-000794;Feminino;23/05/1935;PL-ESSENCIAL;CT-009;Belo Horizonte;MG;25/10/2021;
BEN-000795;Feminino;16/12/1971;PL-ESSENCIAL;CT-001;Belo Horizonte;MG;22/06/2020;18/10/2025
BEN-000796;Feminino;01/12/1998;PL-PADRAO;CT-002;Campinas;SP;17/07/2024;
BEN-000797;Masculino;13/06/1977;PL-EMPRESA;CT-008;Belo Horizonte;MG;02/01/2023;
BEN-000798;Masculino;26/11/1981;PL-EMPRESA;CT-008;Belo Horizonte;MG;08/04/2023;
BEN-000799;Masculino;16/06/1993;PL-SUPERIOR;CT-007;Belo Horizonte;MG;11/02/2022;
BEN-000800;Feminino;08/06/1987;PL-EMPRESA;CT-004;São Paulo;SP;22/10/2024;
BEN-000801;Masculino;06/11/1998;PL-EMPRESA;CT-008;São Paulo;SP;04/06/2026;
BEN-000802;Feminino;24/09/1964;PL-ESSENCIAL;CT-001;Belo Horizonte;MG;16/06/2026;
BEN-000803;Masculino;25/01/1980;PL-PADRAO;CT-002;Belo Horizonte;MG;14/07/2020;
BEN-000804;Masculino;07/11/1989;PL-PADRAO;CT-002;Campinas;SP;10/01/2024;
BEN-000805;Feminino;04/02/2007;PL-ESSENCIAL;CT-009;Belo Horizonte;MG;19/02/2024;
BEN-000806;Masculino;20/10/2010;PL-ESSENCIAL;CT-005;São Paulo;SP;27/04/2023;16/12/2025
BEN-000807;Feminino;24/10/1984;PL-PADRAO;CT-002;Belo Horizonte;MG;25/04/2023;
BEN-000808;Feminino;13/12/2001;PL-PADRAO;CT-006;Belo Horizonte;MG;04/05/2019;16/08/2025
BEN-000809;Masculino;04/05/1962;PL-EMPRESA;CT-008;São Paulo;SP;27/06/2019;
BEN-000810;Masculino;21/07/1984;PL-EMPRESA;CT-004;São Paulo;SP;20/07/2022;
BEN-000811;Feminino;16/06/1961;PL-ESSENCIAL;CT-001;Belo Horizonte;MG;29/01/2024;
BEN-000812;Feminino;27/06/1964;PL-ESSENCIAL;CT-009;Campinas;SP;08/10/2019;
BEN-000813;Feminino;09/02/1996;PL-PADRAO;CT-002;Campinas;SP;15/02/2020;
BEN-000814;Masculino;01/07/1972;PL-ESSENCIAL;CT-001;Belo Horizonte;MG;01/03/2019;
BEN-000815;Masculino;08/02/2008;PL-EMPRESA;CT-004;Campinas;SP;24/10/2021;
BEN-000816;Feminino;09/09/1966;PL-PADRAO;CT-002;São Paulo;SP;12/09/2018;
BEN-000817;Masculino;03/01/2001;PL-PADRAO;CT-002;São Paulo;SP;20/10/2019;
BEN-000818;Masculino;14/06/1975;PL-ESSENCIAL;CT-009;Belo Horizonte;MG;30/12/2018;
BEN-000819;Masculino;12/03/1961;PL-EMPRESA;CT-008;Belo Horizonte;MG;06/01/2019;
BEN-000820;Masculino;22/04/1967;PL-SUPERIOR;CT-007;São Paulo;SP;12/10/2021;
BEN-000821;Feminino;16/05/1997;PL-ESSENCIAL;CT-005;Campinas;SP;24/07/2021;
BEN-000822;Feminino;22/08/1987;PL-PADRAO;CT-002;São Paulo;SP;15/05/2021;
BEN-000823;Feminino;21/11/1960;PL-PADRAO;CT-002;Belo Horizonte;MG;14/06/2025;
BEN-000824;Feminino;04/02/2000;PL-PADRAO;CT-002;Belo Horizonte;MG;03/06/2025;
BEN-000825;Masculino;17/06/1993;PL-ESSENCIAL;CT-005;São Paulo;SP;21/07/2018;
BEN-000826;Feminino;09/08/1989;PL-EMPRESA;CT-008;São Paulo;SP;14/10/2025;
BEN-000827;Masculino;15/03/2006;PL-PADRAO;CT-006;São Paulo;SP;21/01/2026;
BEN-000828;Feminino;21/06/1989;PL-SUPERIOR;CT-007;São Paulo;SP;11/09/2023;10/05/2025
BEN-000829;Feminino;06/07/1990;PL-ESSENCIAL;CT-005;Belo Horizonte;MG;17/02/2022;
BEN-000830;Masculino;16/01/1977;PL-EMPRESA;CT-008;São Paulo;SP;01/09/2025;
BEN-000831;Masculino;27/12/1963;PL-PADRAO;CT-002;São Paulo;SP;10/06/2024;
BEN-000832;Masculino;10/03/1978;PL-EMPRESA;CT-004;Belo Horizonte;MG;24/06/2024;
BEN-000833;Feminino;24/06/1989;PL-SUPERIOR;CT-007;São Paulo;SP;28/10/2020;
BEN-000834;Feminino;02/05/1980;PL-ESSENCIAL;CT-005;São Paulo;SP;03/09/2023;
BEN-000835;Masculino;16/09/1983;PL-PADRAO;CT-010;Campinas;SP;17/09/2019;
BEN-000836;Masculino;05/01/2016;PL-SUPERIOR;CT-007;Belo Horizonte;MG;12/05/2023;
BEN-000837;Masculino;24/03/1989;PL-EMPRESA;CT-004;São Paulo;SP;09/06/2019;
BEN-000838;Feminino;09/01/2004;PL-ESSENCIAL;CT-001;São Paulo;SP;03/10/2022;
BEN-000839;Masculino;01/05/1967;PL-SUPERIOR;CT-003;Belo Horizonte;MG;24/08/2023;
BEN-000840;Masculino;09/04/1980;PL-PADRAO;CT-010;São Paulo;SP;25/12/2019;
BEN-000841;Feminino;04/10/1989;PL-SUPERIOR;CT-007;Campinas;SP;20/06/2026;
BEN-000842;Masculino;24/02/1958;PL-ESSENCIAL;CT-005;Belo Horizonte;MG;27/07/2019;
BEN-000843;Masculino;20/07/1957;PL-SUPERIOR;CT-007;São Paulo;SP;14/03/2026;
BEN-000844;Masculino;12/05/2000;PL-SUPERIOR;CT-007;Campinas;SP;06/02/2023;
BEN-000845;Feminino;06/09/1969;PL-EMPRESA;CT-008;São Paulo;SP;12/10/2021;
BEN-000846;Feminino;16/06/1975;PL-PADRAO;CT-002;São Paulo;SP;05/10/2024;
BEN-000847;Masculino;03/12/1988;PL-ESSENCIAL;CT-009;São Paulo;SP;13/01/2026;
BEN-000848;Masculino;25/09/1973;PL-SUPERIOR;CT-003;São Paulo;SP;26/08/2019;
BEN-000849;Masculino;28/08/2004;PL-EMPRESA;CT-008;São Paulo;SP;12/01/2026;
BEN-000850;Feminino;14/01/2000;PL-ESSENCIAL;CT-005;Campinas;SP;20/10/2019;
BEN-000851;Masculino;15/12/1974;PL-SUPERIOR;CT-003;São Paulo;SP;15/11/2020;
BEN-000852;Masculino;14/11/1971;PL-PADRAO;CT-006;Campinas;SP;24/05/2018;
BEN-000853;Feminino;09/10/2006;PL-EMPRESA;CT-004;Belo Horizonte;MG;11/07/2023;
BEN-000854;Masculino;10/02/1981;PL-ESSENCIAL;CT-005;São Paulo;SP;26/01/2023;
BEN-000855;Feminino;26/12/1956;PL-PADRAO;CT-010;Belo Horizonte;MG;04/04/2025;
BEN-000856;Masculino;03/11/1992;PL-SUPERIOR;CT-003;Campinas;SP;07/12/2019;
BEN-000857;Feminino;08/03/1982;PL-SUPERIOR;CT-003;São Paulo;SP;05/02/2025;08/04/2026
BEN-000858;Masculino;18/03/1970;PL-PADRAO;CT-010;Campinas;SP;11/07/2020;
BEN-000859;Feminino;10/07/1991;PL-EMPRESA;CT-008;Campinas;SP;03/08/2020;08/06/2025
BEN-000860;Feminino;06/11/1981;PL-PADRAO;CT-010;São Paulo;SP;08/03/2024;
BEN-000861;Masculino;16/07/2013;PL-PADRAO;CT-002;Campinas;SP;13/01/2020;
BEN-000862;Masculino;07/04/2013;PL-EMPRESA;CT-004;São Paulo;SP;08/04/2024;
BEN-000863;Feminino;01/08/1970;PL-SUPERIOR;CT-003;São Paulo;SP;10/11/2022;
BEN-000864;Masculino;08/07/1951;PL-EMPRESA;CT-004;São Paulo;SP;14/01/2025;
BEN-000865;Masculino;07/02/2004;PL-PADRAO;CT-010;Campinas;SP;20/01/2020;
BEN-000866;Feminino;09/09/1972;PL-SUPERIOR;CT-007;Belo Horizonte;MG;09/07/2022;
BEN-000867;Masculino;20/05/1971;PL-PADRAO;CT-010;São Paulo;SP;05/12/2020;
BEN-000868;Masculino;24/02/1975;PL-SUPERIOR;CT-007;Campinas;SP;07/07/2019;
BEN-000869;Masculino;19/01/1984;PL-PADRAO;CT-002;Campinas;SP;24/07/2021;
BEN-000870;Masculino;11/05/1970;PL-EMPRESA;CT-004;Belo Horizonte;MG;07/10/2022;14/09/2025
BEN-000871;Masculino;08/11/2002;PL-ESSENCIAL;CT-009;Belo Horizonte;MG;23/09/2022;
BEN-000872;Masculino;22/08/1990;PL-EMPRESA;CT-004;Campinas;SP;11/05/2021;
BEN-000873;Masculino;09/05/1984;PL-PADRAO;CT-006;São Paulo;SP;02/05/2019;
BEN-000874;Feminino;28/12/1969;PL-EMPRESA;CT-008;São Paulo;SP;27/09/2023;
BEN-000875;Feminino;16/09/2025;PL-EMPRESA;CT-004;Campinas;SP;15/01/2019;
BEN-000876;Masculino;25/02/1997;PL-EMPRESA;CT-008;Belo Horizonte;MG;01/07/2022;
BEN-000877;Feminino;03/12/2025;PL-PADRAO;CT-006;São Paulo;SP;11/06/2023;
BEN-000878;Masculino;03/07/1941;PL-PADRAO;CT-010;São Paulo;SP;02/03/2020;
BEN-000879;Feminino;04/03/1975;PL-PADRAO;CT-010;São Paulo;SP;24/12/2022;
BEN-000880;Feminino;09/05/2021;PL-SUPERIOR;CT-003;São Paulo;SP;02/05/2022;
BEN-000881;Masculino;17/12/1966;PL-ESSENCIAL;CT-005;São Paulo;SP;14/11/2020;
BEN-000882;Masculino;27/05/1981;PL-PADRAO;CT-010;São Paulo;SP;03/10/2019;
BEN-000883;Feminino;10/07/1986;PL-ESSENCIAL;CT-001;São Paulo;SP;14/03/2023;
BEN-000884;Feminino;03/07/1979;PL-PADRAO;CT-010;São Paulo;SP;01/05/2026;
BEN-000885;Feminino;09/11/1975;PL-EMPRESA;CT-008;Campinas;SP;26/08/2020;
BEN-000886;Masculino;14/10/1993;PL-ESSENCIAL;CT-001;São Paulo;SP;16/02/2024;
BEN-000887;Masculino;10/01/1978;PL-SUPERIOR;CT-003;Campinas;SP;12/02/2025;
BEN-000888;Feminino;20/06/2010;PL-PADRAO;CT-002;São Paulo;SP;02/03/2026;
BEN-000889;Masculino;08/03/2008;PL-EMPRESA;CT-008;São Paulo;SP;29/03/2020;
BEN-000890;Masculino;13/02/1962;PL-PADRAO;CT-006;Belo Horizonte;MG;13/01/2026;
BEN-000891;Masculino;12/11/1985;PL-ESSENCIAL;CT-005;Belo Horizonte;MG;26/11/2022;
BEN-000892;Feminino;14/01/1995;PL-PADRAO;CT-002;Belo Horizonte;MG;09/10/2020;
BEN-000893;Feminino;28/06/1965;PL-SUPERIOR;CT-003;São Paulo;SP;04/05/2018;
BEN-000894;Feminino;24/02/1970;PL-ESSENCIAL;CT-005;São Paulo;SP;11/06/2023;
BEN-000895;Masculino;01/10/1936;PL-EMPRESA;CT-004;Belo Horizonte;MG;03/11/2018;
BEN-000896;Masculino;20/11/1992;PL-EMPRESA;CT-008;São Paulo;SP;08/11/2025;
BEN-000897;Masculino;06/05/2007;PL-EMPRESA;CT-008;São Paulo;SP;01/08/2021;
BEN-000898;Masculino;13/10/1977;PL-ESSENCIAL;CT-009;Campinas;SP;18/06/2022;
BEN-000899;Masculino;03/04/1981;PL-ESSENCIAL;CT-001;São Paulo;SP;10/05/2019;
BEN-000900;Masculino;01/02/2015;PL-EMPRESA;CT-008;São Paulo;SP;13/10/2021;
BEN-000901;Masculino;10/11/1977;PL-SUPERIOR;CT-003;São Paulo;SP;04/07/2024;
BEN-000902;Feminino;25/11/1971;PL-ESSENCIAL;CT-009;Belo Horizonte;MG;23/07/2018;
BEN-000903;Masculino;25/02/1995;PL-SUPERIOR;CT-003;Campinas;SP;09/01/2023;
BEN-000904;Masculino;22/07/2006;PL-PADRAO;CT-010;Campinas;SP;07/02/2019;
BEN-000905;Masculino;02/10/1986;PL-SUPERIOR;CT-003;São Paulo;SP;10/09/2021;
BEN-000906;Feminino;01/11/1968;PL-ESSENCIAL;CT-005;Campinas;SP;10/03/2022;
BEN-000907;Masculino;01/06/2003;PL-ESSENCIAL;CT-005;São Paulo;SP;13/01/2026;
BEN-000908;Feminino;08/02/1984;PL-ESSENCIAL;CT-009;São Paulo;SP;07/11/2018;
BEN-000909;Feminino;21/10/1980;PL-SUPERIOR;CT-003;Belo Horizonte;MG;21/01/2023;
BEN-000910;Masculino;15/08/1962;PL-PADRAO;CT-006;São Paulo;SP;17/03/2023;
BEN-000911;Masculino;08/08/2020;PL-SUPERIOR;CT-003;Campinas;SP;08/03/2023;12/02/2026
BEN-000912;Feminino;02/12/2025;PL-EMPRESA;CT-004;São Paulo;SP;01/02/2020;
BEN-000913;Feminino;22/08/2006;PL-EMPRESA;CT-008;São Paulo;SP;21/01/2023;14/04/2026
BEN-000914;Feminino;20/10/2015;PL-ESSENCIAL;CT-005;Belo Horizonte;MG;14/06/2022;
BEN-000915;Masculino;26/09/1974;PL-ESSENCIAL;CT-005;São Paulo;SP;05/07/2025;
BEN-000916;Masculino;18/06/1984;PL-EMPRESA;CT-004;Campinas;SP;06/09/2023;
BEN-000917;Masculino;23/01/2000;PL-SUPERIOR;CT-003;Campinas;SP;15/08/2020;
BEN-000918;Masculino;23/01/1987;PL-EMPRESA;CT-008;Campinas;SP;30/06/2019;19/03/2025
BEN-000919;Feminino;20/07/1983;PL-SUPERIOR;CT-003;Campinas;SP;10/03/2021;
BEN-000920;Masculino;15/08/1966;PL-SUPERIOR;CT-003;São Paulo;SP;17/03/2025;
BEN-000921;Masculino;27/06/2009;PL-ESSENCIAL;CT-005;Belo Horizonte;MG;08/04/2025;
BEN-000922;Masculino;09/09/2013;PL-EMPRESA;CT-004;Belo Horizonte;MG;17/11/2021;
BEN-000923;Feminino;20/08/1997;PL-ESSENCIAL;CT-001;São Paulo;SP;21/07/2024;
BEN-000924;Masculino;07/10/1969;PL-PADRAO;CT-002;Campinas;SP;02/09/2019;
BEN-000925;Masculino;09/10/1982;PL-ESSENCIAL;CT-001;São Paulo;SP;03/03/2023;
BEN-000926;Feminino;17/04/1949;PL-PADRAO;CT-010;Belo Horizonte;MG;19/05/2021;
BEN-000927;Masculino;14/09/1998;PL-ESSENCIAL;CT-005;Belo Horizonte;MG;29/01/2019;
BEN-000928;Masculino;22/05/1970;PL-EMPRESA;CT-008;São Paulo;SP;29/08/2019;
BEN-000929;Feminino;14/03/1996;PL-ESSENCIAL;CT-001;São Paulo;SP;27/05/2020;
BEN-000930;Masculino;26/02/1969;PL-EMPRESA;CT-004;São Paulo;SP;14/12/2020;
BEN-000931;Feminino;25/03/2002;PL-SUPERIOR;CT-007;Campinas;SP;02/10/2018;
BEN-000932;Feminino;02/08/1964;PL-EMPRESA;CT-004;São Paulo;SP;06/11/2022;
BEN-000933;Masculino;09/07/1996;PL-EMPRESA;CT-004;São Paulo;SP;20/03/2018;
BEN-000934;Masculino;09/01/1992;PL-ESSENCIAL;CT-009;São Paulo;SP;14/09/2024;
BEN-000935;Feminino;04/05/1990;PL-PADRAO;CT-010;Belo Horizonte;MG;27/04/2022;
BEN-000936;Masculino;10/07/1954;PL-ESSENCIAL;CT-005;São Paulo;SP;14/02/2025;
BEN-000937;Masculino;20/02/1965;PL-EMPRESA;CT-004;São Paulo;SP;13/09/2025;
BEN-000938;Feminino;02/02/1994;PL-PADRAO;CT-010;São Paulo;SP;28/11/2018;16/04/2025
BEN-000939;Feminino;23/11/1955;PL-EMPRESA;CT-004;São Paulo;SP;16/01/2020;
BEN-000940;Feminino;05/09/1985;PL-PADRAO;CT-006;São Paulo;SP;11/11/2024;
BEN-000941;Feminino;25/09/2015;PL-ESSENCIAL;CT-001;São Paulo;SP;09/11/2023;
BEN-000942;Masculino;09/01/1996;PL-ESSENCIAL;CT-001;São Paulo;SP;27/06/2018;
BEN-000943;Feminino;15/04/1975;PL-EMPRESA;CT-008;São Paulo;SP;10/03/2019;
BEN-000944;Feminino;23/03/1996;PL-EMPRESA;CT-008;Campinas;SP;15/10/2018;26/02/2026
BEN-000945;Masculino;01/11/1994;PL-ESSENCIAL;CT-005;Belo Horizonte;MG;20/06/2026;
BEN-000946;Masculino;07/07/1986;PL-SUPERIOR;CT-003;São Paulo;SP;28/04/2024;
BEN-000947;Feminino;23/12/1977;PL-PADRAO;CT-002;Campinas;SP;13/02/2020;
BEN-000948;Feminino;01/05/1998;PL-PADRAO;CT-002;São Paulo;SP;10/07/2021;
BEN-000949;Masculino;17/07/2015;PL-SUPERIOR;CT-007;Belo Horizonte;MG;18/02/2021;
BEN-000950;Masculino;18/02/1982;PL-EMPRESA;CT-008;São Paulo;SP;09/10/2022;
BEN-000951;Masculino;20/11/1985;PL-PADRAO;CT-010;Belo Horizonte;MG;03/07/2019;
BEN-000952;Masculino;28/12/1990;PL-EMPRESA;CT-008;São Paulo;SP;07/05/2025;
BEN-000953;Feminino;23/02/1976;PL-EMPRESA;CT-008;São Paulo;SP;29/03/2024;
BEN-000954;Masculino;14/07/1989;PL-PADRAO;CT-010;Belo Horizonte;MG;20/05/2026;
BEN-000955;Feminino;17/09/2025;PL-PADRAO;CT-002;Belo Horizonte;MG;18/06/2022;
BEN-000956;Feminino;23/08/2025;PL-ESSENCIAL;CT-005;Belo Horizonte;MG;17/07/2019;
BEN-000957;Feminino;09/12/1972;PL-SUPERIOR;CT-003;São Paulo;SP;09/05/2025;
BEN-000958;Masculino;18/02/1982;PL-SUPERIOR;CT-003;Belo Horizonte;MG;14/10/2025;
BEN-000959;Masculino;13/02/2000;PL-PADRAO;CT-010;São Paulo;SP;04/08/2018;
BEN-000960;Feminino;03/11/1995;PL-EMPRESA;CT-004;São Paulo;SP;31/05/2023;
BEN-000961;Feminino;11/06/1979;PL-PADRAO;CT-002;Belo Horizonte;MG;16/03/2022;
BEN-000962;Feminino;07/08/1957;PL-PADRAO;CT-002;São Paulo;SP;05/07/2025;
BEN-000963;Masculino;07/03/1990;PL-PADRAO;CT-006;São Paulo;SP;08/09/2025;
BEN-000964;Masculino;17/07/1997;PL-EMPRESA;CT-004;Campinas;SP;25/04/2022;
BEN-000965;Masculino;06/12/1996;PL-ESSENCIAL;CT-005;São Paulo;SP;27/04/2019;
BEN-000966;Feminino;07/07/1985;PL-ESSENCIAL;CT-009;Campinas;SP;18/12/2020;
BEN-000967;Masculino;07/08/2002;PL-ESSENCIAL;CT-009;São Paulo;SP;16/06/2022;
BEN-000968;Feminino;05/01/2009;PL-SUPERIOR;CT-007;Belo Horizonte;MG;16/08/2024;
BEN-000969;Feminino;25/03/1993;PL-PADRAO;CT-006;São Paulo;SP;27/02/2022;
BEN-000970;Feminino;11/12/2008;PL-PADRAO;CT-002;São Paulo;SP;29/07/2018;
BEN-000971;Feminino;25/07/1984;PL-ESSENCIAL;CT-009;São Paulo;SP;19/08/2022;
BEN-000972;Feminino;20/06/1981;PL-SUPERIOR;CT-003;São Paulo;SP;24/06/2024;
BEN-000973;Masculino;03/07/1975;PL-PADRAO;CT-002;São Paulo;SP;31/03/2023;
BEN-000974;Masculino;11/01/1990;PL-EMPRESA;CT-004;São Paulo;SP;08/07/2025;
BEN-000975;Feminino;25/09/1991;PL-ESSENCIAL;CT-001;São Paulo;SP;22/07/2020;
BEN-000976;Masculino;15/12/1971;PL-ESSENCIAL;CT-005;São Paulo;SP;21/06/2018;
BEN-000977;Feminino;02/08/1942;PL-SUPERIOR;CT-007;São Paulo;SP;27/07/2018;
BEN-000978;Feminino;06/06/1979;PL-PADRAO;CT-006;São Paulo;SP;29/01/2023;
BEN-000979;Masculino;07/04/1936;PL-ESSENCIAL;CT-001;Campinas;SP;06/05/2018;
BEN-000980;Masculino;05/11/1991;PL-PADRAO;CT-006;São Paulo;SP;09/04/2025;
BEN-000981;Feminino;24/07/1988;PL-EMPRESA;CT-004;Campinas;SP;01/08/2022;
BEN-000982;Masculino;09/02/2005;PL-EMPRESA;CT-004;Campinas;SP;03/11/2024;
BEN-000983;Feminino;27/03/1996;PL-ESSENCIAL;CT-005;São Paulo;SP;29/09/2023;
BEN-000984;Masculino;24/02/2003;PL-PADRAO;CT-006;Belo Horizonte;MG;01/07/2025;
BEN-000985;Masculino;03/07/1955;PL-SUPERIOR;CT-003;São Paulo;SP;25/09/2018;
BEN-000986;Masculino;13/12/1982;PL-ESSENCIAL;CT-009;Campinas;SP;13/04/2024;
BEN-000987;Masculino;22/01/1959;PL-EMPRESA;CT-004;Campinas;SP;17/02/2024;
BEN-000988;Masculino;04/03/1978;PL-PADRAO;CT-010;Belo Horizonte;MG;29/09/2024;
BEN-000989;Masculino;20/11/1994;PL-SUPERIOR;CT-007;São Paulo;SP;04/02/2019;
BEN-000990;Masculino;04/06/2016;PL-PADRAO;CT-006;São Paulo;SP;23/07/2023;26/04/2025
BEN-000991;Masculino;15/02/1991;PL-ESSENCIAL;CT-005;Campinas;SP;08/03/2021;24/02/2025
BEN-000992;Feminino;25/10/1977;PL-PADRAO;CT-006;São Paulo;SP;21/11/2019;
BEN-000993;Feminino;01/11/2009;PL-SUPERIOR;CT-003;São Paulo;SP;27/10/2024;
BEN-000994;Feminino;19/03/2017;PL-SUPERIOR;CT-007;São Paulo;SP;31/10/2023;
BEN-000995;Feminino;12/01/1984;PL-PADRAO;CT-002;Belo Horizonte;MG;29/12/2018;
BEN-000996;Masculino;08/05/1976;PL-EMPRESA;CT-004;Campinas;SP;06/03/2020;
BEN-000997;Feminino;03/07/1965;PL-PADRAO;CT-002;Belo Horizonte;MG;17/01/2025;
BEN-000998;Feminino;28/10/1976;PL-PADRAO;CT-002;São Paulo;SP;07/06/2025;
BEN-000999;Feminino;26/03/1955;PL-PADRAO;CT-002;Belo Horizonte;MG;14/12/2025;
BEN-001000;Masculino;19/03/1983;PL-SUPERIOR;CT-003;São Paulo;SP;09/03/2023;
