competencia;cod_plano;qtd_vidas;valor_contraprestacao
2025-01;PL-ESSENCIAL;253;56392,90
2025-01;PL-PADRAO;244;90556,38
2025-01;PL-SUPERIOR;167;93236,88
2025-01;PL-EMPRESA;196;85964,90
2025-02;PL-ESSENCIAL;259;57361,09
2025-02;PL-PADRAO;245;92159,57
2025-02;PL-SUPERIOR;169;94082,02
2025-02;PL-EMPRESA;198;87028,09
2025-03;PL-ESSENCIAL;259;57600,50
2025-03;PL-PADRAO;247;93037,96
2025-03;PL-SUPERIOR;170;94764,92
2025-03;PL-EMPRESA;197;87407,16
2025-04;PL-ESSENCIAL;261;58616,90
2025-04;PL-PADRAO;249;92564,21
2025-04;PL-SUPERIOR;172;96025,79
2025-04;PL-EMPRESA;193;85182,27
2025-05;PL-ESSENCIAL;261;58667,74
2025-05;PL-PADRAO;247;92139,20
2025-05;PL-SUPERIOR;176;99114,30
2025-05;PL-EMPRESA;195;85669,97
2025-06;PL-ESSENCIAL;260;57559,40
2025-06;PL-PADRAO;250;94179,39
2025-06;PL-SUPERIOR;175;98189,97
2025-06;PL-EMPRESA;195;85214,91
2025-07;PL-ESSENCIAL;263;58582,73
2025-07;PL-PADRAO;256;95295,56
2025-07;PL-SUPERIOR;175;97707,55
2025-07;PL-EMPRESA;196;86534,14
2025-08;PL-ESSENCIAL;261;57740,00
2025-08;PL-PADRAO;255;95475,60
2025-08;PL-SUPERIOR;176;99265,37
2025-08;PL-EMPRESA;196;85706,70
2025-09;PL-ESSENCIAL;262;58774,77
2025-09;PL-PADRAO;257;95953,45
2025-09;PL-SUPERIOR;176;98508,00
2025-09;PL-EMPRESA;199;88140,33
2025-10;PL-ESSENCIAL;261;58351,23
2025-10;PL-PADRAO;256;95550,52
2025-10;PL-SUPERIOR;177;98996,41
2025-10;PL-EMPRESA;199;86725,46
2025-11;PL-ESSENCIAL;260;58146,29
2025-11;PL-PADRAO;257;96895,32
2025-11;PL-SUPERIOR;176;98869,60
2025-11;PL-EMPRESA;201;89053,57
2025-12;PL-ESSENCIAL;261;58115,27
2025-12;PL-PADRAO;258;95948,31
2025-12;PL-SUPERIOR;181;101948,77
2025-12;PL-EMPRESA;205;89425,85
2026-01;PL-ESSENCIAL;262;58624,17
2026-01;PL-PADRAO;259;96225,29
2026-01;PL-SUPERIOR;181;102487,12
2026-01;PL-EMPRESA;207;90337,97
2026-02;PL-ESSENCIAL;260;58004,75
2026-02;PL-PADRAO;257;96260,81
2026-02;PL-SUPERIOR;182;101585,20
2026-02;PL-EMPRESA;205;90621,90
2026-03;PL-ESSENCIAL;262;58600,82
2026-03;PL-PADRAO;260;97246,46
2026-03;PL-SUPERIOR;184;102768,10
2026-03;PL-EMPRESA;205;89642,19
2026-04;PL-ESSENCIAL;263;58993,51
2026-04;PL-PADRAO;263;99401,16
2026-04;PL-SUPERIOR;184;102761,47
2026-04;PL-EMPRESA;205;89640,67
2026-05;PL-ESSENCIAL;261;65457,02
2026-05;PL-PADRAO;266;110997,85
2026-05;PL-SUPERIOR;185;116349,81
2026-05;PL-EMPRESA;205;100155,52
2026-06;PL-ESSENCIAL;262;65311,02
2026-06;PL-PADRAO;269;112561,77
2026-06;PL-SUPERIOR;188;117546,30
2026-06;PL-EMPRESA;204;99454,81
